-- phpMyAdmin SQL Dump
-- version 4.8.2
-- https://www.phpmyadmin.net/
--
-- Servidor: 127.0.0.1
-- Tiempo de generación: 19-03-2019 a las 05:35:07
-- Versión del servidor: 10.1.34-MariaDB
-- Versión de PHP: 5.6.37

SET SQL_MODE = "NO_AUTO_VALUE_ON_ZERO";
SET AUTOCOMMIT = 0;
START TRANSACTION;
SET time_zone = "+00:00";


/*!40101 SET @OLD_CHARACTER_SET_CLIENT=@@CHARACTER_SET_CLIENT */;
/*!40101 SET @OLD_CHARACTER_SET_RESULTS=@@CHARACTER_SET_RESULTS */;
/*!40101 SET @OLD_COLLATION_CONNECTION=@@COLLATION_CONNECTION */;
/*!40101 SET NAMES utf8mb4 */;

--
-- Base de datos: `colores`
--

-- --------------------------------------------------------

--
-- Estructura de tabla para la tabla `catcategorias`
--

CREATE TABLE `catcategorias` (
  `id` int(11) NOT NULL,
  `nombre` varchar(191) NOT NULL,
  `descripcion` text NOT NULL,
  `imagen` varchar(400) DEFAULT NULL,
  `deleted_at` datetime DEFAULT NULL
) ENGINE=MyISAM DEFAULT CHARSET=latin1;

--
-- Volcado de datos para la tabla `catcategorias`
--

INSERT INTO `catcategorias` (`id`, `nombre`, `descripcion`, `imagen`, `deleted_at`) VALUES
(1, 'Painting', 'Painting', NULL, '2019-03-16 07:58:47'),
(2, 'Dry', 'Dry Description', 'Home.JPG', NULL),
(3, 'Plaster', 'Realiza tu aportación a través de un pago referenciado en ventanilla de HSBC, o bien, en internet con tu tarjeta bancaria, de acuerdo al calendario de pagos.', 'frederick3.jpg', NULL),
(4, 'Carpentry', 'Tú defines el monto a pagar por concepto de aportaciones bimestrales dependiendo de tu condición económica', 'Chestnut4.JPG', NULL),
(5, 'DRY WALL', '\"Lorem ipsum dolor sit amet, consectetur adipiscing elit, sed do eiusmod tempor incididunt ut labore et dolore magna aliqua. Ut enim ad minim veniam, quis nostrud exercitation ullamco laboris nisi ut aliquip ex ea commodo consequat. Duis aute irure dolor in reprehenderit in voluptate velit esse cillum dolore eu fugiat nulla pariatur. Excepteur sint occaecat cupidatat non proident, sunt in culpa qui officia deserunt mollit anim id est laborum.\"', 'Home.JPG', NULL),
(6, 'RENOVATION', '\"Sed ut perspiciatis unde omnis iste natus error sit voluptatem accusantium doloremque laudantium, totam rem aperiam, eaque ipsa quae ab illo inventore veritatis et quasi architecto beatae vitae dicta sunt explicabo. Nemo enim ipsam voluptatem quia voluptas sit aspernatur aut odit aut fugit, sed quia consequuntur magni dolores eos qui ratione voluptatem sequi nesciunt. Neque porro quisquam est, qui dolorem ipsum quia dolor sit amet, consectetur, adipisci velit, sed quia non numquam eius modi tempora incidunt ut labore et dolore magnam aliquam quaerat voluptatem. Ut enim ad minima veniam, quis nostrum exercitationem ullam corporis suscipit laboriosam, nisi ut aliquid ex ea commodi consequatur? Quis autem vel eum iure reprehenderit qui in ea voluptate velit esse quam nihil molestiae consequatur, vel illum qui dolorem eum fugiat quo voluptas nulla pariatur?\"', 'IMG_goodyear1.JPG', NULL),
(7, 'RESTORATION', 'RESTORATION', 'frederick2.jpg', NULL),
(8, 'Ares', 'w', 'frederick3.jpg', NULL),
(9, 'Elena', 'm', 'Chestnut3.JPG', '2019-03-16 07:55:35'),
(10, 'Accustart 5', 'm', NULL, '2019-03-16 07:58:36'),
(11, 'mm', ',,', NULL, '2019-03-16 07:54:44'),
(12, 'mm,', 'khjhjhj', NULL, '2019-03-16 07:53:15');

-- --------------------------------------------------------

--
-- Estructura de tabla para la tabla `catproductos`
--

CREATE TABLE `catproductos` (
  `id` int(11) NOT NULL,
  `nombre` text NOT NULL,
  `visible` int(11) NOT NULL DEFAULT '1',
  `promocion` int(1) NOT NULL DEFAULT '0',
  `disponible` int(1) NOT NULL DEFAULT '0',
  `descripcion` text,
  `pdf` varchar(300) DEFAULT NULL,
  `idCategoria` int(11) DEFAULT NULL,
  `imagen` varchar(191) NOT NULL,
  `deleted_at` datetime DEFAULT NULL
) ENGINE=MyISAM DEFAULT CHARSET=latin1;

-- --------------------------------------------------------

--
-- Estructura de tabla para la tabla `catusuarios`
--

CREATE TABLE `catusuarios` (
  `id` int(11) NOT NULL,
  `Nombre` varchar(254) COLLATE utf8_spanish_ci NOT NULL,
  `Password` varchar(254) COLLATE utf8_spanish_ci NOT NULL,
  `admin` int(11) NOT NULL DEFAULT '0',
  `Usuario` varchar(254) COLLATE utf8_spanish_ci NOT NULL
) ENGINE=InnoDB DEFAULT CHARSET=utf8 COLLATE=utf8_spanish_ci;

--
-- Volcado de datos para la tabla `catusuarios`
--

INSERT INTO `catusuarios` (`id`, `Nombre`, `Password`, `admin`, `Usuario`) VALUES
(1, 'Elena', '7110eda4d09e062aa5e4a390b0a572ac0d2c0220', 0, 'elena'),
(2, 'Hugo Ruiz', 'ed53af67114c13a29e5032e59831a54bdded57aa', 0, 'hugo.ruiz');

-- --------------------------------------------------------

--
-- Estructura de tabla para la tabla `entries`
--

CREATE TABLE `entries` (
  `id` int(11) NOT NULL,
  `permalink` varchar(100) COLLATE utf8_unicode_ci NOT NULL,
  `author` varchar(50) COLLATE utf8_unicode_ci NOT NULL,
  `title` varchar(100) COLLATE utf8_unicode_ci NOT NULL,
  `content` text COLLATE utf8_unicode_ci NOT NULL,
  `idCategoria` int(11) NOT NULL,
  `date` datetime NOT NULL,
  `tags` text COLLATE utf8_unicode_ci NOT NULL,
  `image` varchar(150) COLLATE utf8_unicode_ci DEFAULT NULL,
  `status` varchar(20) COLLATE utf8_unicode_ci NOT NULL DEFAULT 'DRAFT',
  `deleted_at` datetime DEFAULT NULL
) ENGINE=InnoDB DEFAULT CHARSET=utf8 COLLATE=utf8_unicode_ci;

--
-- Volcado de datos para la tabla `entries`
--

INSERT INTO `entries` (`id`, `permalink`, `author`, `title`, `content`, `idCategoria`, `date`, `tags`, `image`, `status`, `deleted_at`) VALUES
(1, 'map-simple', 'anon', 'Map Simple', 'Ejemplo', 0, '2019-03-10 20:50:02', 'dry, pastle', 'frederick2.jpg', '', NULL),
(2, 'painting', 'anon', 'Painting', 'Painting is the practice of applying paint, pigment, color or other medium[1] to a solid surface (support base). The medium is commonly applied to the base with a brush, but other implements, such as knives, sponges, and airbrushes, can be used. The final work is also called a painting.\r\n\r\nPainting is an important form in the visual arts, bringing in elements such as drawing, gesture (as in gestural painting), composition, narration (as in narrative art), or abstraction (as in abstract art).[2] Paintings can be naturalistic and representational (as in a still life or landscape painting), photographic, abstract, narrative, symbolistic (as in Symbolist art), emotive (as in Expressionism), or political in nature (as in Artivism).\r\n\r\nA portion of the history of painting in both Eastern and Western art is dominated by religious art. Examples of this kind of painting range from artwork depicting mythological figures on pottery, to Biblical scenes Sistine Chapel ceiling, to scenes from the life of Buddha or other images of Eastern religious origin.\r\n\r\nIn art, the term painting describes both the act and the result of the action. The support for paintings includes such surfaces as walls, paper, canvas, wood, glass, lacquer, pottery, leaf, copper and concrete, and the painting may incorporate multiple other materials including sand, clay, paper, plaster, gold leaf, as well as objects.', 0, '2019-03-10 22:13:54', 'dry, pastle, painting', 'frederick2.jpg', 'PUBLISHED', NULL),
(3, 'map-simple', 'anon', 'Map Simple', 'Modern artists have extended the practice of painting considerably to include, as one example, collage, which began with Cubism and is not painting in the strict sense. Some modern painters incorporate different materials such as sand, cement, straw or wood for their texture. Examples of this are the works of Jean Dubuffet and Anselm Kiefer. There is a growing community of artists who use computers to \"paint\" color onto a digital \"canvas\" using programs such as Adobe Photoshop, Corel Painter, and many others. These images can be printed onto traditional canvas if required.', 0, '2019-03-10 22:17:15', 'dry, pastle', 'frederick2.jpg', 'PUBLISHED', NULL),
(4, 'what-is-lorem-ipsum', 'Hugo Ruiz', 'What is Lorem Ipsum', '<div id=\"Content\">\r\n<div id=\"Panes\">\r\n<div>\r\n<h2>What is Lorem Ipsum?</h2>\r\n<p><strong>Lorem Ipsum</strong>&nbsp;is simply dummy text of the printing and typesetting industry. Lorem Ipsum has been the industry\'s standard dummy text ever since the 1500s, when an unknown printer took a galley of type and scrambled it to make a type specimen book. It has survived not only five centuries, but also the leap into electronic typesetting, remaining essentially unchanged. It was popularised in the 1960s with the release of Letraset sheets containing Lorem Ipsum passages, and more recently with desktop publishing software like Aldus PageMaker including versions of Lorem Ipsum.</p>\r\n</div>\r\n<div>\r\n<h2>Why do we use it?</h2>\r\n<p>It is a long established fact that a reader will be distracted by the readable content of a page when looking at its layout. The point of using Lorem Ipsum is that it has a more-or-less normal distribution of letters, as opposed to using \'Content here, content here\', making it look like readable English. Many desktop publishing packages and web page editors now use Lorem Ipsum as their default model text, and a search for \'lorem ipsum\' will uncover many web sites still in their infancy. Various versions have evolved over the years, sometimes by accident, sometimes on purpose (injected humour and the like).</p>\r\n</div>\r\n<br />\r\n<div>\r\n<h2>Where does it come from?</h2>\r\n<p>Contrary to popular belief, Lorem Ipsum is not simply random text. It has roots in a piece of classical Latin literature from 45 BC, making it over 2000 years old. Richard McClintock, a Latin professor at Hampden-Sydney College in Virginia, looked up one of the more obscure Latin words, consectetur, from a Lorem Ipsum passage, and going through the cites of the word in classical literature, discovered the undoubtable source. Lorem Ipsum comes from sections 1.10.32 and 1.10.33 of \"de Finibus Bonorum et Malorum\" (The Extremes of Good and Evil) by Cicero, written in 45 BC. This book is a treatise on the theory of ethics, very popular during the Renaissance. The first line of Lorem Ipsum, \"Lorem ipsum dolor sit amet..\", comes from a line in section 1.10.32.</p>\r\n<p>The standard chunk of Lorem Ipsum used since the 1500s is reproduced below for those interested. Sections 1.10.32 and 1.10.33 from \"de Finibus Bonorum et Malorum\" by Cicero are also reproduced in their exact original form, accompanied by English versions from the 1914 translation by H. Rackham.</p>\r\n</div>\r\n<div>\r\n<h2>Where can I get some?</h2>\r\n<p>There are many variations of passages of Lorem Ipsum available, but the majority have suffered alteration in some form, by injected humour, or randomised words which don\'t look even slightly believable. If you are going to use a passage of Lorem Ipsum, you need to be sure there isn\'t anything embarrassing hidden in the middle of text. All the Lorem Ipsum generators on the Internet tend to repeat predefined chunks as necessary, making this the first true generator on the Internet. It uses a dictionary of over 200 Latin words, combined with a handful of model sentence structures, to generate Lorem Ipsum which looks reasonable. The generated Lorem Ipsum is therefore always free from repetition, injected humour, or non-characteristic words etc.</p>\r\n</div>\r\n</div>\r\n</div>', 8, '2019-03-19 03:58:50', 'dry, pastle', 'crispycreme1.jpg', 'PUBLISHED', NULL),
(5, 'welcome-to-the-tinymce-editor-demo', 'Hugo Ruiz', 'Welcome to the TinyMCE editor demo!', '<p style=\"text-align: center; font-size: 15px;\"><img title=\"TinyMCE Logo\" src=\"//www.tiny.cloud/images/glyph-tinymce@2x.png\" alt=\"TinyMCE Logo\" width=\"110\" height=\"97\" /></p>\r\n<h2 style=\"text-align: center;\">Welcome to the TinyMCE editor demo!</h2>\r\n<h2><img style=\"float: right; padding: 0 0 10px 10px;\" title=\"Tiny Husky\" src=\"//www.tiny.cloud/docs/images/tiny-husky.jpg\" alt=\"Tiny Husky\" width=\"304\" height=\"320\" /></h2>\r\n<h2>Image Tools Plugin feature<br />Click on the image to get started</h2>\r\n<p>Please try out the features provided in this image tools example.</p>\r\n<p>Note that any <strong>MoxieManager</strong> file and image management functionality in this example is part of our commercial offering &ndash; the demo is to show the integration.</p>\r\n<h2>Got questions or need help?</h2>\r\n<ul>\r\n<li>Our <a href=\"https://www.tiny.cloud/docs/\">documentation</a> is a great resource for learning how to configure TinyMCE.</li>\r\n<li>Have a specific question? Visit the <a href=\"https://community.tinymce.com/forum/\">Community Forum</a>.</li>\r\n<li>We also offer enterprise grade support as part of <a href=\"https://www.tiny.cloud/pricing\">TinyMCE Enterprise</a>.</li>\r\n</ul>\r\n<h2>A simple table to play with</h2>\r\n<table>\r\n<thead>\r\n<tr>\r\n<th>Product</th>\r\n<th>Cost</th>\r\n<th>Really?</th>\r\n</tr>\r\n</thead>\r\n<tbody>\r\n<tr>\r\n<td>TinyMCE</td>\r\n<td>Free</td>\r\n<td>YES!</td>\r\n</tr>\r\n<tr>\r\n<td>Plupload</td>\r\n<td>Free</td>\r\n<td>YES!</td>\r\n</tr>\r\n</tbody>\r\n</table>\r\n<h2>Found a bug?</h2>\r\n<p>If you think you have found a bug please create an issue on the <a href=\"https://github.com/tinymce/tinymce/issues\">GitHub repo</a> to report it to the developers.</p>\r\n<h2>Finally ...</h2>\r\n<p>Don\'t forget to check out our other product <a href=\"http://www.plupload.com\" target=\"_blank\" rel=\"noopener\">Plupload</a>, your ultimate upload solution featuring HTML5 upload support.</p>\r\n<p>Thanks for supporting TinyMCE! We hope it helps you and your users create great content.<br />All the best from the TinyMCE team.</p>', 7, '2019-03-19 05:20:32', 'dry, pastle, painting', NULL, 'PUBLISHED', NULL);

-- --------------------------------------------------------

--
-- Estructura de tabla para la tabla `log_users`
--

CREATE TABLE `log_users` (
  `id` bigint(20) NOT NULL,
  `idUsuario` bigint(20) NOT NULL,
  `Nombre` varchar(254) CHARACTER SET utf8 COLLATE utf8_unicode_ci NOT NULL,
  `Fecha` datetime NOT NULL,
  `Server` varchar(254) CHARACTER SET utf8 COLLATE utf8_unicode_ci DEFAULT NULL,
  `IPClient` varchar(254) CHARACTER SET utf8 COLLATE utf8_unicode_ci DEFAULT NULL,
  `Browser` varchar(254) CHARACTER SET utf8 COLLATE utf8_unicode_ci DEFAULT NULL
) ENGINE=InnoDB DEFAULT CHARSET=utf8mb4 COLLATE=utf8mb4_unicode_ci;

-- --------------------------------------------------------

--
-- Estructura de tabla para la tabla `projects`
--

CREATE TABLE `projects` (
  `id` int(11) NOT NULL,
  `permalink` varchar(100) COLLATE utf8_unicode_ci NOT NULL,
  `title` varchar(100) COLLATE utf8_unicode_ci NOT NULL,
  `content` text COLLATE utf8_unicode_ci NOT NULL,
  `idCategoria` int(11) NOT NULL,
  `date` datetime NOT NULL,
  `image_before` varchar(150) COLLATE utf8_unicode_ci DEFAULT NULL,
  `image_after` varchar(150) COLLATE utf8_unicode_ci DEFAULT NULL,
  `status` varchar(20) COLLATE utf8_unicode_ci NOT NULL DEFAULT 'DRAFT',
  `deleted_at` datetime DEFAULT NULL
) ENGINE=InnoDB DEFAULT CHARSET=utf8 COLLATE=utf8_unicode_ci;

-- --------------------------------------------------------

--
-- Estructura de tabla para la tabla `sishistorico_archivo`
--

CREATE TABLE `sishistorico_archivo` (
  `id` bigint(20) NOT NULL,
  `idUsuario` bigint(20) NOT NULL,
  `idCambiado` bigint(20) DEFAULT NULL,
  `Tabla` varchar(50) COLLATE utf8_unicode_ci DEFAULT NULL,
  `Nombre` varchar(254) COLLATE utf8_unicode_ci NOT NULL,
  `DatosAnterior` text COLLATE utf8_unicode_ci,
  `DatosNuevos` text COLLATE utf8_unicode_ci,
  `Fecha` datetime NOT NULL,
  `Server` varchar(254) COLLATE utf8_unicode_ci DEFAULT NULL,
  `IPClient` varchar(254) COLLATE utf8_unicode_ci DEFAULT NULL,
  `Browser` varchar(254) COLLATE utf8_unicode_ci DEFAULT NULL,
  `tipoUsuario` tinyint(4) DEFAULT NULL
) ENGINE=InnoDB DEFAULT CHARSET=utf8 COLLATE=utf8_unicode_ci;

--
-- Volcado de datos para la tabla `sishistorico_archivo`
--

INSERT INTO `sishistorico_archivo` (`id`, `idUsuario`, `idCambiado`, `Tabla`, `Nombre`, `DatosAnterior`, `DatosNuevos`, `Fecha`, `Server`, `IPClient`, `Browser`, `tipoUsuario`) VALUES
(1, 1, 10, 'catCategorias', 'Elena', NULL, '{\"Tabla\":\"catCategorias\",\"Data\":{\"nombre\":\"Accustart 5\",\"descripcion\":\"m\"},\"id\":10}', '2019-03-16 07:06:14', 'http://localhost/colores/', '::1', 'Mozilla/5.0 (Windows NT 10.0; Win64; x64) AppleWebKit/537.36 (KHTML, like Gecko) Chrome/72.0.3626.121 Safari/537.36', NULL),
(2, 1, 11, 'catCategorias', 'Elena', NULL, '{\"Tabla\":\"catCategorias\",\"Data\":{\"nombre\":\"mm\",\"descripcion\":\",,\"},\"id\":11}', '2019-03-16 07:31:42', 'http://localhost/colores/', '::1', 'Mozilla/5.0 (Windows NT 10.0; Win64; x64) AppleWebKit/537.36 (KHTML, like Gecko) Chrome/72.0.3626.121 Safari/537.36', NULL),
(3, 1, 12, 'catCategorias', 'Elena', NULL, '{\"Tabla\":\"catCategorias\",\"Data\":{\"nombre\":\"mm,\",\"descripcion\":\",,\"},\"id\":12}', '2019-03-16 07:33:37', 'http://localhost/colores/', '::1', 'Mozilla/5.0 (Windows NT 10.0; Win64; x64) AppleWebKit/537.36 (KHTML, like Gecko) Chrome/72.0.3626.121 Safari/537.36', NULL),
(5, 1, 12, 'catCategorias', 'Elena', '[id] => 12,[nombre] => mm,,[descripcion] => ,,,m,m,[imagen] => ,[deleted_at] => ,', '[nombre] => mm,,[descripcion] => khjhjhj,', '2019-03-16 07:03:19', 'http://localhost/colores/', '::1', 'Mozilla/5.0 (Windows NT 10.0; Win64; x64) AppleWebKit/537.36 (KHTML, like Gecko) Chrome/72.0.3626.121 Safari/537.36', NULL),
(6, 1, 12, 'catCategorias', 'Elena', '[id] => 12,[nombre] => mm,,[descripcion] => khjhjhj,[imagen] => ,[deleted_at] => ,', '[deleted_at] => 2019-03-16 07:53:15,', '2019-03-16 07:03:15', 'http://localhost/colores/', '::1', 'Mozilla/5.0 (Windows NT 10.0; Win64; x64) AppleWebKit/537.36 (KHTML, like Gecko) Chrome/72.0.3626.121 Safari/537.36', NULL),
(7, 1, 11, 'catCategorias', 'Elena', '[id] => 11,[nombre] => mm,[descripcion] => ,,,[imagen] => ,[deleted_at] => ,', '[deleted_at] => 2019-03-16 07:54:44,', '2019-03-16 07:03:44', 'http://localhost/colores/', '::1', 'Mozilla/5.0 (Windows NT 10.0; Win64; x64) AppleWebKit/537.36 (KHTML, like Gecko) Chrome/72.0.3626.121 Safari/537.36', NULL),
(8, 1, 9, 'catCategorias', 'Elena', '[id] => 9,[nombre] => Elena,[descripcion] => m,[imagen] => Chestnut3.JPG,[deleted_at] => ,', '[deleted_at] => 2019-03-16 07:55:35,', '2019-03-16 07:03:35', 'http://localhost/colores/', '::1', 'Mozilla/5.0 (Windows NT 10.0; Win64; x64) AppleWebKit/537.36 (KHTML, like Gecko) Chrome/72.0.3626.121 Safari/537.36', NULL),
(9, 1, 10, 'catCategorias', 'Elena', '[id] => 10,[nombre] => Accustart 5,[descripcion] => m,[imagen] => ,[deleted_at] => ,', '[deleted_at] => 2019-03-16 07:58:36,', '2019-03-16 07:03:36', 'http://localhost/colores/', '::1', 'Mozilla/5.0 (Windows NT 10.0; Win64; x64) AppleWebKit/537.36 (KHTML, like Gecko) Chrome/72.0.3626.121 Safari/537.36', NULL),
(10, 1, 1, 'catCategorias', 'Elena', '[id] => 1,[nombre] => Painting,[descripcion] => Painting,[imagen] => ,[deleted_at] => ,', '[deleted_at] => 2019-03-16 07:58:47,', '2019-03-16 07:03:47', 'http://localhost/colores/', '::1', 'Mozilla/5.0 (Windows NT 10.0; Win64; x64) AppleWebKit/537.36 (KHTML, like Gecko) Chrome/72.0.3626.121 Safari/537.36', NULL),
(11, 1, 4, 'entries', 'Elena', '[id] => 4,[permalink] => map-simple,[author] => Elena,[title] => Map Simple,[content] => <h1>Lorem Ipsum</h1>\r\n<h4>\"Neque porro quisquam est qui dolorem ipsum quia dolor sit amet, consectetur, adipisci velit...\"</h4>\r\n<h5>\"There is no one who loves pain itself, who seeks after it and wants to have it, simply because it is pain...\"</h5>\r\n<hr />\r\n<div id=\"Content\">\r\n<div id=\"bannerL\">\r\n<div id=\"div-gpt-ad-1474537762122-2\">&nbsp;</div>\r\n</div>\r\n<div id=\"bannerR\">\r\n<div id=\"div-gpt-ad-1474537762122-3\">&nbsp;</div>\r\n</div>\r\n<div id=\"Panes\">\r\n<div>\r\n<h2>What is Lorem Ipsum?</h2>\r\n<p><strong>Lorem Ipsum</strong>&nbsp;is simply dummy text of the printing and typesetting industry. Lorem Ipsum has been the industry\'s standard dummy text ever since the 1500s, when an unknown printer took a galley of type and scrambled it to make a type specimen book. It has survived not only five centuries, but also the leap into electronic typesetting, remaining essentially unchanged. It was popularised in the 1960s with the release of Letraset sheets containing Lorem Ipsum passages, and more recently with desktop publishing software like Aldus PageMaker including versions of Lorem Ipsum.</p>\r\n</div>\r\n<div>\r\n<h2>Why do we use it?</h2>\r\n<p>It is a long established fact that a reader will be distracted by the readable content of a page when looking at its layout. The point of using Lorem Ipsum is that it has a more-or-less normal distribution of letters, as opposed to using \'Content here, content here\', making it look like readable English. Many desktop publishing packages and web page editors now use Lorem Ipsum as their default model text, and a search for \'lorem ipsum\' will uncover many web sites still in their infancy. Various versions have evolved over the years, sometimes by accident, sometimes on purpose (injected humour and the like).</p>\r\n</div>\r\n<br />\r\n<div>\r\n<h2>Where does it come from?</h2>\r\n<p>Contrary to popular belief, Lorem Ipsum is not simply random text. It has roots in a piece of classical Latin literature from 45 BC, making it over 2000 years old. Richard McClintock, a Latin professor at Hampden-Sydney College in Virginia, looked up one of the more obscure Latin words, consectetur, from a Lorem Ipsum passage, and going through the cites of the word in classical literature, discovered the undoubtable source. Lorem Ipsum comes from sections 1.10.32 and 1.10.33 of \"de Finibus Bonorum et Malorum\" (The Extremes of Good and Evil) by Cicero, written in 45 BC. This book is a treatise on the theory of ethics, very popular during the Renaissance. The first line of Lorem Ipsum, \"Lorem ipsum dolor sit amet..\", comes from a line in section 1.10.32.</p>\r\n<p>The standard chunk of Lorem Ipsum used since the 1500s is reproduced below for those interested. Sections 1.10.32 and 1.10.33 from \"de Finibus Bonorum et Malorum\" by Cicero are also reproduced in their exact original form, accompanied by English versions from the 1914 translation by H. Rackham.</p>\r\n</div>\r\n<div>\r\n<h2>Where can I get some?</h2>\r\n<p>There are many variations of passages of Lorem Ipsum available, but the majority have suffered alteration in some form, by injected humour, or randomised words which don\'t look even slightly believable. If you are going to use a passage of Lorem Ipsum, you need to be sure there isn\'t anything embarrassing hidden in the middle of text. All the Lorem Ipsum generators on the Internet tend to repeat predefined chunks as necessary, making this the first true generator on the Internet. It uses a dictionary of over 200 Latin words, combined with a handful of model sentence structures, to generate Lorem Ipsum which looks reasonable. The generated Lorem Ipsum is therefore always free from repetition, injected humour, or non-characteristic words etc.</p>\r\n<form action=\"https://www.lipsum.com/feed/html\" method=\"post\">\r\n<table>\r\n<tbody>\r\n<tr>\r\n<td rowspan=\"2\"><input id=\"amount\" name=\"amount\" size=\"3\" type=\"text\" value=\"5\" /></td>\r\n<td rowspan=\"2\">\r\n<table>\r\n<tbody>\r\n<tr>\r\n<td><input id=\"paras\" checked=\"checked\" name=\"what\" type=\"radio\" value=\"paras\" /></td>\r\n<td><label for=\"paras\">paragraphs</label></td>\r\n</tr>\r\n<tr>\r\n<td><input id=\"words\" name=\"what\" type=\"radio\" value=\"words\" /></td>\r\n<td><label for=\"words\">words</label></td>\r\n</tr>\r\n<tr>\r\n<td><input id=\"bytes\" name=\"what\" type=\"radio\" value=\"bytes\" /></td>\r\n<td><label for=\"bytes\">bytes</label></td>\r\n</tr>\r\n<tr>\r\n<td><input id=\"lists\" name=\"what\" type=\"radio\" value=\"lists\" /></td>\r\n<td><label for=\"lists\">lists</label></td>\r\n</tr>\r\n</tbody>\r\n</table>\r\n</td>\r\n<td><input id=\"start\" checked=\"checked\" name=\"start\" type=\"checkbox\" value=\"yes\" /></td>\r\n<td><label for=\"start\">Start with \'Lorem<br />ipsum dolor sit amet...\'</label></td>\r\n</tr>\r\n<tr>\r\n<td>&nbsp;</td>\r\n<td><input id=\"generate\" name=\"generate\" type=\"submit\" value=\"Generate Lorem Ipsum\" /></td>\r\n</tr>\r\n</tbody>\r\n</table>\r\n</form></div>\r\n</div>\r\n<hr />\r\n<div class=\"boxed\"><strong>Translations:</strong>&nbsp;Can you help translate this site into a foreign language ? Please email us with details if you can help.</div>\r\n<hr />\r\n<div class=\"boxed\">There are now a set of mock banners available&nbsp;<a class=\"lnk\" href=\"https://www.lipsum.com/banners\">here</a>&nbsp;in three colours and in a range of standard banner sizes:<br /><a href=\"https://www.lipsum.com/banners\"><img src=\"https://www.lipsum.com/images/banners/black_234x60.gif\" alt=\"Banners\" width=\"234\" height=\"60\" /></a><a href=\"https://www.lipsum.com/banners\"><img src=\"https://www.lipsum.com/images/banners/grey_234x60.gif\" alt=\"Banners\" width=\"234\" height=\"60\" /></a><a href=\"https://www.lipsum.com/banners\"><img src=\"https://www.lipsum.com/images/banners/white_234x60.gif\" alt=\"Banners\" width=\"234\" height=\"60\" /></a></div>\r\n<hr />\r\n<div class=\"boxed\"><strong>Donate:</strong>&nbsp;If you use this site regularly and would like to help keep the site on the Internet, please consider donating a small sum to help pay for the hosting and bandwidth bill. There is no minimum donation, any sum is appreciated - click&nbsp;<a class=\"lnk\" href=\"https://www.lipsum.com/donate\" target=\"_blank\" rel=\"noopener\">here</a>&nbsp;to donate using PayPal. Thank you for your support.</div>\r\n<hr />\r\n<div id=\"Packages\" class=\"boxed\"><a href=\"https://chrome.google.com/extensions/detail/jkkggolejkaoanbjnmkakgjcdcnpfkgi\" target=\"_blank\" rel=\"nofollow noopener\">Chrome</a>&nbsp;<a href=\"https://addons.mozilla.org/en-US/firefox/addon/dummy-lipsum/\" target=\"_blank\" rel=\"nofollow noopener\">Firefox Add-on</a>&nbsp;<a href=\"https://github.com/traviskaufman/node-lipsum\" target=\"_blank\" rel=\"nofollow noopener\">NodeJS</a>&nbsp;<a href=\"http://ftp.ktug.or.kr/tex-archive/help/Catalogue/entries/lipsum.html\" target=\"_blank\" rel=\"nofollow noopener\">TeX Package</a>&nbsp;<a href=\"http://code.google.com/p/pypsum/\" target=\"_blank\" rel=\"nofollow noopener\">Python Interface</a>&nbsp;<a href=\"http://gtklipsum.sourceforge.net/\" target=\"_blank\" rel=\"nofollow noopener\">GTK Lipsum</a>&nbsp;<a href=\"http://github.com/gsavage/lorem_ipsum/tree/master\" target=\"_blank\" rel=\"nofollow noopener\">Rails</a>&nbsp;<a href=\"https://github.com/cerkit/LoremIpsum/\" target=\"_blank\" rel=\"nofollow noopener\">.NET</a>&nbsp;<a href=\"http://groovyconsole.appspot.com/script/64002\" target=\"_blank\" rel=\"nofollow noopener\">Groovy</a>&nbsp;<a href=\"http://www.layerhero.com/lorem-ipsum-generator/\" target=\"_blank\" rel=\"nofollow noopener\">Adobe Plugin</a></div>\r\n<hr />\r\n<div id=\"Lipsum-Unit5\">&nbsp;</div>\r\n<hr />\r\n<div id=\"Translation\">\r\n<h3>The standard Lorem Ipsum passage, used since the 1500s</h3>\r\n<p>\"Lorem ipsum dolor sit amet, consectetur adipiscing elit, sed do eiusmod tempor incididunt ut labore et dolore magna aliqua. Ut enim ad minim veniam, quis nostrud exercitation ullamco laboris nisi ut aliquip ex ea commodo consequat. Duis aute irure dolor in reprehenderit in voluptate velit esse cillum dolore eu fugiat nulla pariatur. Excepteur sint occaecat cupidatat non proident, sunt in culpa qui officia deserunt mollit anim id est laborum.\"</p>\r\n<h3>Section 1.10.32 of \"de Finibus Bonorum et Malorum\", written by Cicero in 45 BC</h3>\r\n<p>\"Sed ut perspiciatis unde omnis iste natus error sit voluptatem accusantium doloremque laudantium, totam rem aperiam, eaque ipsa quae ab illo inventore veritatis et quasi architecto beatae vitae dicta sunt explicabo. Nemo enim ipsam voluptatem quia voluptas sit aspernatur aut odit aut fugit, sed quia consequuntur magni dolores eos qui ratione voluptatem sequi nesciunt. Neque porro quisquam est, qui dolorem ipsum quia dolor sit amet, consectetur, adipisci velit, sed quia non numquam eius modi tempora incidunt ut labore et dolore magnam aliquam quaerat voluptatem. Ut enim ad minima veniam, quis nostrum exercitationem ullam corporis suscipit laboriosam, nisi ut aliquid ex ea commodi consequatur? Quis autem vel eum iure reprehenderit qui in ea voluptate velit esse quam nihil molestiae consequatur, vel illum qui dolorem eum fugiat quo voluptas nulla pariatur?\"</p>\r\n<h3>1914 translation by H. Rackham</h3>\r\n<p>\"But I must explain to you how all this mistaken idea of denouncing pleasure and praising pain was born and I will give you a complete account of the system, and expound the actual teachings of the great explorer of the truth, the master-builder of human happiness. No one rejects, dislikes, or avoids pleasure itself, because it is pleasure, but because those who do not know how to pursue pleasure rationally encounter consequences that are extremely painful. Nor again is there anyone who loves or pursues or desires to obtain pain of itself, because it is pain, but because occasionally circumstances occur in which toil and pain can procure him some great pleasure. To take a trivial example, which of us ever undertakes laborious physical exercise, except to obtain some advantage from it? But who has any right to find fault with a man who chooses to enjoy a pleasure that has no annoying consequences, or one who avoids a pain that produces no resultant pleasure?\"</p>\r\n<h3>Section 1.10.33 of \"de Finibus Bonorum et Malorum\", written by Cicero in 45 BC</h3>\r\n<p>\"At vero eos et accusamus et iusto odio dignissimos ducimus qui blanditiis praesentium voluptatum deleniti atque corrupti quos dolores et quas molestias excepturi sint occaecati cupiditate non provident, similique sunt in culpa qui officia deserunt mollitia animi, id est laborum et dolorum fuga. Et harum quidem rerum facilis est et expedita distinctio. Nam libero tempore, cum soluta nobis est eligendi optio cumque nihil impedit quo minus id quod maxime placeat facere possimus, omnis voluptas assumenda est, omnis dolor repellendus. Temporibus autem quibusdam et aut officiis debitis aut rerum necessitatibus saepe eveniet ut et voluptates repudiandae sint et molestiae non recusandae. Itaque earum rerum hic tenetur a sapiente delectus, ut aut reiciendis voluptatibus maiores alias consequatur aut perferendis doloribus asperiores repellat.\"</p>\r\n</div>\r\n</div>,[idCategoria] => 6,[date] => 2019-03-16 08:36:06,[tags] => dry, pastle, painting,[image] => crispycreme1.jpg,[status] => DRAFT,', '[permalink] => map-simple,[author] => Elena,[title] => Map Simple,[content] => <div id=\"Content\">\r\n<div id=\"Panes\">\r\n<div>\r\n<h2>What is Lorem Ipsum?</h2>\r\n<p><strong>Lorem Ipsum</strong>&nbsp;is simply dummy text of the printing and typesetting industry. Lorem Ipsum has been the industry\'s standard dummy text ever since the 1500s, when an unknown printer took a galley of type and scrambled it to make a type specimen book. It has survived not only five centuries, but also the leap into electronic typesetting, remaining essentially unchanged. It was popularised in the 1960s with the release of Letraset sheets containing Lorem Ipsum passages, and more recently with desktop publishing software like Aldus PageMaker including versions of Lorem Ipsum.</p>\r\n</div>\r\n<div>\r\n<h2>Why do we use it?</h2>\r\n<p>It is a long established fact that a reader will be distracted by the readable content of a page when looking at its layout. The point of using Lorem Ipsum is that it has a more-or-less normal distribution of letters, as opposed to using \'Content here, content here\', making it look like readable English. Many desktop publishing packages and web page editors now use Lorem Ipsum as their default model text, and a search for \'lorem ipsum\' will uncover many web sites still in their infancy. Various versions have evolved over the years, sometimes by accident, sometimes on purpose (injected humour and the like).</p>\r\n</div>\r\n<br />\r\n<div>\r\n<h2>Where does it come from?</h2>\r\n<p>Contrary to popular belief, Lorem Ipsum is not simply random text. It has roots in a piece of classical Latin literature from 45 BC, making it over 2000 years old. Richard McClintock, a Latin professor at Hampden-Sydney College in Virginia, looked up one of the more obscure Latin words, consectetur, from a Lorem Ipsum passage, and going through the cites of the word in classical literature, discovered the undoubtable source. Lorem Ipsum comes from sections 1.10.32 and 1.10.33 of \"de Finibus Bonorum et Malorum\" (The Extremes of Good and Evil) by Cicero, written in 45 BC. This book is a treatise on the theory of ethics, very popular during the Renaissance. The first line of Lorem Ipsum, \"Lorem ipsum dolor sit amet..\", comes from a line in section 1.10.32.</p>\r\n<p>The standard chunk of Lorem Ipsum used since the 1500s is reproduced below for those interested. Sections 1.10.32 and 1.10.33 from \"de Finibus Bonorum et Malorum\" by Cicero are also reproduced in their exact original form, accompanied by English versions from the 1914 translation by H. Rackham.</p>\r\n</div>\r\n<div>\r\n<h2>Where can I get some?</h2>\r\n<p>There are many variations of passages of Lorem Ipsum available, but the majority have suffered alteration in some form, by injected humour, or randomised words which don\'t look even slightly believable. If you are going to use a passage of Lorem Ipsum, you need to be sure there isn\'t anything embarrassing hidden in the middle of text. All the Lorem Ipsum generators on the Internet tend to repeat predefined chunks as necessary, making this the first true generator on the Internet. It uses a dictionary of over 200 Latin words, combined with a handful of model sentence structures, to generate Lorem Ipsum which looks reasonable. The generated Lorem Ipsum is therefore always free from repetition, injected humour, or non-characteristic words etc.</p>\r\n</div>\r\n</div>\r\n</div>,[date] => 2019-03-17 15:06:56,[tags] => dry, pastle, painting,[idCategoria] => 6,', '2019-03-17 03:03:57', 'http://localhost/colores/', '::1', 'Mozilla/5.0 (Windows NT 10.0; Win64; x64) AppleWebKit/537.36 (KHTML, like Gecko) Chrome/72.0.3626.121 Safari/537.36', NULL),
(12, 1, 4, 'entries', 'Elena', '[id] => 4,[permalink] => map-simple,[author] => Elena,[title] => Map Simple,[content] => <div id=\"Content\">\r\n<div id=\"Panes\">\r\n<div>\r\n<h2>What is Lorem Ipsum?</h2>\r\n<p><strong>Lorem Ipsum</strong>&nbsp;is simply dummy text of the printing and typesetting industry. Lorem Ipsum has been the industry\'s standard dummy text ever since the 1500s, when an unknown printer took a galley of type and scrambled it to make a type specimen book. It has survived not only five centuries, but also the leap into electronic typesetting, remaining essentially unchanged. It was popularised in the 1960s with the release of Letraset sheets containing Lorem Ipsum passages, and more recently with desktop publishing software like Aldus PageMaker including versions of Lorem Ipsum.</p>\r\n</div>\r\n<div>\r\n<h2>Why do we use it?</h2>\r\n<p>It is a long established fact that a reader will be distracted by the readable content of a page when looking at its layout. The point of using Lorem Ipsum is that it has a more-or-less normal distribution of letters, as opposed to using \'Content here, content here\', making it look like readable English. Many desktop publishing packages and web page editors now use Lorem Ipsum as their default model text, and a search for \'lorem ipsum\' will uncover many web sites still in their infancy. Various versions have evolved over the years, sometimes by accident, sometimes on purpose (injected humour and the like).</p>\r\n</div>\r\n<br />\r\n<div>\r\n<h2>Where does it come from?</h2>\r\n<p>Contrary to popular belief, Lorem Ipsum is not simply random text. It has roots in a piece of classical Latin literature from 45 BC, making it over 2000 years old. Richard McClintock, a Latin professor at Hampden-Sydney College in Virginia, looked up one of the more obscure Latin words, consectetur, from a Lorem Ipsum passage, and going through the cites of the word in classical literature, discovered the undoubtable source. Lorem Ipsum comes from sections 1.10.32 and 1.10.33 of \"de Finibus Bonorum et Malorum\" (The Extremes of Good and Evil) by Cicero, written in 45 BC. This book is a treatise on the theory of ethics, very popular during the Renaissance. The first line of Lorem Ipsum, \"Lorem ipsum dolor sit amet..\", comes from a line in section 1.10.32.</p>\r\n<p>The standard chunk of Lorem Ipsum used since the 1500s is reproduced below for those interested. Sections 1.10.32 and 1.10.33 from \"de Finibus Bonorum et Malorum\" by Cicero are also reproduced in their exact original form, accompanied by English versions from the 1914 translation by H. Rackham.</p>\r\n</div>\r\n<div>\r\n<h2>Where can I get some?</h2>\r\n<p>There are many variations of passages of Lorem Ipsum available, but the majority have suffered alteration in some form, by injected humour, or randomised words which don\'t look even slightly believable. If you are going to use a passage of Lorem Ipsum, you need to be sure there isn\'t anything embarrassing hidden in the middle of text. All the Lorem Ipsum generators on the Internet tend to repeat predefined chunks as necessary, making this the first true generator on the Internet. It uses a dictionary of over 200 Latin words, combined with a handful of model sentence structures, to generate Lorem Ipsum which looks reasonable. The generated Lorem Ipsum is therefore always free from repetition, injected humour, or non-characteristic words etc.</p>\r\n</div>\r\n</div>\r\n</div>,[idCategoria] => 6,[date] => 2019-03-17 15:06:56,[tags] => dry, pastle, painting,[image] => crispycreme1.jpg,[status] => DRAFT,', '[permalink] => map-simple,[author] => Elena,[title] => Map Simple,[content] => <div id=\"Content\">\r\n<div id=\"Panes\">\r\n<div>\r\n<h2>What is Lorem Ipsum?</h2>\r\n<p><strong>Lorem Ipsum</strong>&nbsp;is simply dummy text of the printing and typesetting industry. Lorem Ipsum has been the industry\'s standard dummy text ever since the 1500s, when an unknown printer took a galley of type and scrambled it to make a type specimen book. It has survived not only five centuries, but also the leap into electronic typesetting, remaining essentially unchanged. It was popularised in the 1960s with the release of Letraset sheets containing Lorem Ipsum passages, and more recently with desktop publishing software like Aldus PageMaker including versions of Lorem Ipsum.</p>\r\n</div>\r\n<div>\r\n<h2>Why do we use it?</h2>\r\n<p>It is a long established fact that a reader will be distracted by the readable content of a page when looking at its layout. The point of using Lorem Ipsum is that it has a more-or-less normal distribution of letters, as opposed to using \'Content here, content here\', making it look like readable English. Many desktop publishing packages and web page editors now use Lorem Ipsum as their default model text, and a search for \'lorem ipsum\' will uncover many web sites still in their infancy. Various versions have evolved over the years, sometimes by accident, sometimes on purpose (injected humour and the like).</p>\r\n</div>\r\n<br />\r\n<div>\r\n<h2>Where does it come from?</h2>\r\n<p>Contrary to popular belief, Lorem Ipsum is not simply random text. It has roots in a piece of classical Latin literature from 45 BC, making it over 2000 years old. Richard McClintock, a Latin professor at Hampden-Sydney College in Virginia, looked up one of the more obscure Latin words, consectetur, from a Lorem Ipsum passage, and going through the cites of the word in classical literature, discovered the undoubtable source. Lorem Ipsum comes from sections 1.10.32 and 1.10.33 of \"de Finibus Bonorum et Malorum\" (The Extremes of Good and Evil) by Cicero, written in 45 BC. This book is a treatise on the theory of ethics, very popular during the Renaissance. The first line of Lorem Ipsum, \"Lorem ipsum dolor sit amet..\", comes from a line in section 1.10.32.</p>\r\n<p>The standard chunk of Lorem Ipsum used since the 1500s is reproduced below for those interested. Sections 1.10.32 and 1.10.33 from \"de Finibus Bonorum et Malorum\" by Cicero are also reproduced in their exact original form, accompanied by English versions from the 1914 translation by H. Rackham.</p>\r\n</div>\r\n<div>\r\n<h2>Where can I get some?</h2>\r\n<p>There are many variations of passages of Lorem Ipsum available, but the majority have suffered alteration in some form, by injected humour, or randomised words which don\'t look even slightly believable. If you are going to use a passage of Lorem Ipsum, you need to be sure there isn\'t anything embarrassing hidden in the middle of text. All the Lorem Ipsum generators on the Internet tend to repeat predefined chunks as necessary, making this the first true generator on the Internet. It uses a dictionary of over 200 Latin words, combined with a handful of model sentence structures, to generate Lorem Ipsum which looks reasonable. The generated Lorem Ipsum is therefore always free from repetition, injected humour, or non-characteristic words etc.</p>\r\n</div>\r\n</div>\r\n</div>,[date] => 2019-03-17 15:07:24,[tags] => dry, pastle, painting,[idCategoria] => 6,', '2019-03-17 03:03:24', 'http://localhost/colores/', '::1', 'Mozilla/5.0 (Windows NT 10.0; Win64; x64) AppleWebKit/537.36 (KHTML, like Gecko) Chrome/72.0.3626.121 Safari/537.36', NULL),
(13, 1, 4, 'entries', 'Elena', '[id] => 4,[permalink] => map-simple,[author] => Elena,[title] => Map Simple,[content] => <div id=\"Content\">\r\n<div id=\"Panes\">\r\n<div>\r\n<h2>What is Lorem Ipsum?</h2>\r\n<p><strong>Lorem Ipsum</strong>&nbsp;is simply dummy text of the printing and typesetting industry. Lorem Ipsum has been the industry\'s standard dummy text ever since the 1500s, when an unknown printer took a galley of type and scrambled it to make a type specimen book. It has survived not only five centuries, but also the leap into electronic typesetting, remaining essentially unchanged. It was popularised in the 1960s with the release of Letraset sheets containing Lorem Ipsum passages, and more recently with desktop publishing software like Aldus PageMaker including versions of Lorem Ipsum.</p>\r\n</div>\r\n<div>\r\n<h2>Why do we use it?</h2>\r\n<p>It is a long established fact that a reader will be distracted by the readable content of a page when looking at its layout. The point of using Lorem Ipsum is that it has a more-or-less normal distribution of letters, as opposed to using \'Content here, content here\', making it look like readable English. Many desktop publishing packages and web page editors now use Lorem Ipsum as their default model text, and a search for \'lorem ipsum\' will uncover many web sites still in their infancy. Various versions have evolved over the years, sometimes by accident, sometimes on purpose (injected humour and the like).</p>\r\n</div>\r\n<br />\r\n<div>\r\n<h2>Where does it come from?</h2>\r\n<p>Contrary to popular belief, Lorem Ipsum is not simply random text. It has roots in a piece of classical Latin literature from 45 BC, making it over 2000 years old. Richard McClintock, a Latin professor at Hampden-Sydney College in Virginia, looked up one of the more obscure Latin words, consectetur, from a Lorem Ipsum passage, and going through the cites of the word in classical literature, discovered the undoubtable source. Lorem Ipsum comes from sections 1.10.32 and 1.10.33 of \"de Finibus Bonorum et Malorum\" (The Extremes of Good and Evil) by Cicero, written in 45 BC. This book is a treatise on the theory of ethics, very popular during the Renaissance. The first line of Lorem Ipsum, \"Lorem ipsum dolor sit amet..\", comes from a line in section 1.10.32.</p>\r\n<p>The standard chunk of Lorem Ipsum used since the 1500s is reproduced below for those interested. Sections 1.10.32 and 1.10.33 from \"de Finibus Bonorum et Malorum\" by Cicero are also reproduced in their exact original form, accompanied by English versions from the 1914 translation by H. Rackham.</p>\r\n</div>\r\n<div>\r\n<h2>Where can I get some?</h2>\r\n<p>There are many variations of passages of Lorem Ipsum available, but the majority have suffered alteration in some form, by injected humour, or randomised words which don\'t look even slightly believable. If you are going to use a passage of Lorem Ipsum, you need to be sure there isn\'t anything embarrassing hidden in the middle of text. All the Lorem Ipsum generators on the Internet tend to repeat predefined chunks as necessary, making this the first true generator on the Internet. It uses a dictionary of over 200 Latin words, combined with a handful of model sentence structures, to generate Lorem Ipsum which looks reasonable. The generated Lorem Ipsum is therefore always free from repetition, injected humour, or non-characteristic words etc.</p>\r\n</div>\r\n</div>\r\n</div>,[idCategoria] => 6,[date] => 2019-03-17 15:07:24,[tags] => dry, pastle, painting,[image] => crispycreme1.jpg,[status] => DRAFT,', '[permalink] => what-is-lorem-ipsum?,[author] => Elena,[title] => What is Lorem Ipsum?,[content] => <div id=\"Content\">\r\n<div id=\"Panes\">\r\n<div>\r\n<h2>What is Lorem Ipsum?</h2>\r\n<p><strong>Lorem Ipsum</strong>&nbsp;is simply dummy text of the printing and typesetting industry. Lorem Ipsum has been the industry\'s standard dummy text ever since the 1500s, when an unknown printer took a galley of type and scrambled it to make a type specimen book. It has survived not only five centuries, but also the leap into electronic typesetting, remaining essentially unchanged. It was popularised in the 1960s with the release of Letraset sheets containing Lorem Ipsum passages, and more recently with desktop publishing software like Aldus PageMaker including versions of Lorem Ipsum.</p>\r\n</div>\r\n<div>\r\n<h2>Why do we use it?</h2>\r\n<p>It is a long established fact that a reader will be distracted by the readable content of a page when looking at its layout. The point of using Lorem Ipsum is that it has a more-or-less normal distribution of letters, as opposed to using \'Content here, content here\', making it look like readable English. Many desktop publishing packages and web page editors now use Lorem Ipsum as their default model text, and a search for \'lorem ipsum\' will uncover many web sites still in their infancy. Various versions have evolved over the years, sometimes by accident, sometimes on purpose (injected humour and the like).</p>\r\n</div>\r\n<br />\r\n<div>\r\n<h2>Where does it come from?</h2>\r\n<p>Contrary to popular belief, Lorem Ipsum is not simply random text. It has roots in a piece of classical Latin literature from 45 BC, making it over 2000 years old. Richard McClintock, a Latin professor at Hampden-Sydney College in Virginia, looked up one of the more obscure Latin words, consectetur, from a Lorem Ipsum passage, and going through the cites of the word in classical literature, discovered the undoubtable source. Lorem Ipsum comes from sections 1.10.32 and 1.10.33 of \"de Finibus Bonorum et Malorum\" (The Extremes of Good and Evil) by Cicero, written in 45 BC. This book is a treatise on the theory of ethics, very popular during the Renaissance. The first line of Lorem Ipsum, \"Lorem ipsum dolor sit amet..\", comes from a line in section 1.10.32.</p>\r\n<p>The standard chunk of Lorem Ipsum used since the 1500s is reproduced below for those interested. Sections 1.10.32 and 1.10.33 from \"de Finibus Bonorum et Malorum\" by Cicero are also reproduced in their exact original form, accompanied by English versions from the 1914 translation by H. Rackham.</p>\r\n</div>\r\n<div>\r\n<h2>Where can I get some?</h2>\r\n<p>There are many variations of passages of Lorem Ipsum available, but the majority have suffered alteration in some form, by injected humour, or randomised words which don\'t look even slightly believable. If you are going to use a passage of Lorem Ipsum, you need to be sure there isn\'t anything embarrassing hidden in the middle of text. All the Lorem Ipsum generators on the Internet tend to repeat predefined chunks as necessary, making this the first true generator on the Internet. It uses a dictionary of over 200 Latin words, combined with a handful of model sentence structures, to generate Lorem Ipsum which looks reasonable. The generated Lorem Ipsum is therefore always free from repetition, injected humour, or non-characteristic words etc.</p>\r\n</div>\r\n</div>\r\n</div>,[date] => 2019-03-17 15:07:49,[tags] => dry, pastle, painting,[idCategoria] => 6,', '2019-03-17 03:03:49', 'http://localhost/colores/', '::1', 'Mozilla/5.0 (Windows NT 10.0; Win64; x64) AppleWebKit/537.36 (KHTML, like Gecko) Chrome/72.0.3626.121 Safari/537.36', NULL),
(14, 1, 4, 'entries', 'Elena', '[id] => 4,[permalink] => what-is-lorem-ipsum?,[author] => Elena,[title] => What is Lorem Ipsum?,[content] => <div id=\"Content\">\r\n<div id=\"Panes\">\r\n<div>\r\n<h2>What is Lorem Ipsum?</h2>\r\n<p><strong>Lorem Ipsum</strong>&nbsp;is simply dummy text of the printing and typesetting industry. Lorem Ipsum has been the industry\'s standard dummy text ever since the 1500s, when an unknown printer took a galley of type and scrambled it to make a type specimen book. It has survived not only five centuries, but also the leap into electronic typesetting, remaining essentially unchanged. It was popularised in the 1960s with the release of Letraset sheets containing Lorem Ipsum passages, and more recently with desktop publishing software like Aldus PageMaker including versions of Lorem Ipsum.</p>\r\n</div>\r\n<div>\r\n<h2>Why do we use it?</h2>\r\n<p>It is a long established fact that a reader will be distracted by the readable content of a page when looking at its layout. The point of using Lorem Ipsum is that it has a more-or-less normal distribution of letters, as opposed to using \'Content here, content here\', making it look like readable English. Many desktop publishing packages and web page editors now use Lorem Ipsum as their default model text, and a search for \'lorem ipsum\' will uncover many web sites still in their infancy. Various versions have evolved over the years, sometimes by accident, sometimes on purpose (injected humour and the like).</p>\r\n</div>\r\n<br />\r\n<div>\r\n<h2>Where does it come from?</h2>\r\n<p>Contrary to popular belief, Lorem Ipsum is not simply random text. It has roots in a piece of classical Latin literature from 45 BC, making it over 2000 years old. Richard McClintock, a Latin professor at Hampden-Sydney College in Virginia, looked up one of the more obscure Latin words, consectetur, from a Lorem Ipsum passage, and going through the cites of the word in classical literature, discovered the undoubtable source. Lorem Ipsum comes from sections 1.10.32 and 1.10.33 of \"de Finibus Bonorum et Malorum\" (The Extremes of Good and Evil) by Cicero, written in 45 BC. This book is a treatise on the theory of ethics, very popular during the Renaissance. The first line of Lorem Ipsum, \"Lorem ipsum dolor sit amet..\", comes from a line in section 1.10.32.</p>\r\n<p>The standard chunk of Lorem Ipsum used since the 1500s is reproduced below for those interested. Sections 1.10.32 and 1.10.33 from \"de Finibus Bonorum et Malorum\" by Cicero are also reproduced in their exact original form, accompanied by English versions from the 1914 translation by H. Rackham.</p>\r\n</div>\r\n<div>\r\n<h2>Where can I get some?</h2>\r\n<p>There are many variations of passages of Lorem Ipsum available, but the majority have suffered alteration in some form, by injected humour, or randomised words which don\'t look even slightly believable. If you are going to use a passage of Lorem Ipsum, you need to be sure there isn\'t anything embarrassing hidden in the middle of text. All the Lorem Ipsum generators on the Internet tend to repeat predefined chunks as necessary, making this the first true generator on the Internet. It uses a dictionary of over 200 Latin words, combined with a handful of model sentence structures, to generate Lorem Ipsum which looks reasonable. The generated Lorem Ipsum is therefore always free from repetition, injected humour, or non-characteristic words etc.</p>\r\n</div>\r\n</div>\r\n</div>,[idCategoria] => 6,[date] => 2019-03-17 15:07:49,[tags] => dry, pastle, painting,[image] => crispycreme1.jpg,[status] => DRAFT,', '[permalink] => what-is-lorem-ipsum?,[author] => Elena,[title] => What is Lorem Ipsum?,[content] => <div id=\"Content\">\r\n<div id=\"Panes\">\r\n<div>\r\n<h2>What is Lorem Ipsum?</h2>\r\n<p><strong>Lorem Ipsum</strong>&nbsp;is simply dummy text of the printing and typesetting industry. Lorem Ipsum has been the industry\'s standard dummy text ever since the 1500s, when an unknown printer took a galley of type and scrambled it to make a type specimen book. It has survived not only five centuries, but also the leap into electronic typesetting, remaining essentially unchanged. It was popularised in the 1960s with the release of Letraset sheets containing Lorem Ipsum passages, and more recently with desktop publishing software like Aldus PageMaker including versions of Lorem Ipsum.</p>\r\n</div>\r\n<div>\r\n<h2>Why do we use it?</h2>\r\n<p>It is a long established fact that a reader will be distracted by the readable content of a page when looking at its layout. The point of using Lorem Ipsum is that it has a more-or-less normal distribution of letters, as opposed to using \'Content here, content here\', making it look like readable English. Many desktop publishing packages and web page editors now use Lorem Ipsum as their default model text, and a search for \'lorem ipsum\' will uncover many web sites still in their infancy. Various versions have evolved over the years, sometimes by accident, sometimes on purpose (injected humour and the like).</p>\r\n</div>\r\n<br />\r\n<div>\r\n<h2>Where does it come from?</h2>\r\n<p>Contrary to popular belief, Lorem Ipsum is not simply random text. It has roots in a piece of classical Latin literature from 45 BC, making it over 2000 years old. Richard McClintock, a Latin professor at Hampden-Sydney College in Virginia, looked up one of the more obscure Latin words, consectetur, from a Lorem Ipsum passage, and going through the cites of the word in classical literature, discovered the undoubtable source. Lorem Ipsum comes from sections 1.10.32 and 1.10.33 of \"de Finibus Bonorum et Malorum\" (The Extremes of Good and Evil) by Cicero, written in 45 BC. This book is a treatise on the theory of ethics, very popular during the Renaissance. The first line of Lorem Ipsum, \"Lorem ipsum dolor sit amet..\", comes from a line in section 1.10.32.</p>\r\n<p>The standard chunk of Lorem Ipsum used since the 1500s is reproduced below for those interested. Sections 1.10.32 and 1.10.33 from \"de Finibus Bonorum et Malorum\" by Cicero are also reproduced in their exact original form, accompanied by English versions from the 1914 translation by H. Rackham.</p>\r\n</div>\r\n<div>\r\n<h2>Where can I get some?</h2>\r\n<p>There are many variations of passages of Lorem Ipsum available, but the majority have suffered alteration in some form, by injected humour, or randomised words which don\'t look even slightly believable. If you are going to use a passage of Lorem Ipsum, you need to be sure there isn\'t anything embarrassing hidden in the middle of text. All the Lorem Ipsum generators on the Internet tend to repeat predefined chunks as necessary, making this the first true generator on the Internet. It uses a dictionary of over 200 Latin words, combined with a handful of model sentence structures, to generate Lorem Ipsum which looks reasonable. The generated Lorem Ipsum is therefore always free from repetition, injected humour, or non-characteristic words etc.</p>\r\n</div>\r\n</div>\r\n</div>,[date] => 2019-03-17 15:08:00,[tags] => dry, pastle, painting,[idCategoria] => 8,', '2019-03-17 03:03:00', 'http://localhost/colores/', '::1', 'Mozilla/5.0 (Windows NT 10.0; Win64; x64) AppleWebKit/537.36 (KHTML, like Gecko) Chrome/72.0.3626.121 Safari/537.36', NULL),
(15, 1, 4, 'entries', 'Elena', '[id] => 4,[permalink] => what-is-lorem-ipsum?,[author] => Elena,[title] => What is Lorem Ipsum?,[content] => <div id=\"Content\">\r\n<div id=\"Panes\">\r\n<div>\r\n<h2>What is Lorem Ipsum?</h2>\r\n<p><strong>Lorem Ipsum</strong>&nbsp;is simply dummy text of the printing and typesetting industry. Lorem Ipsum has been the industry\'s standard dummy text ever since the 1500s, when an unknown printer took a galley of type and scrambled it to make a type specimen book. It has survived not only five centuries, but also the leap into electronic typesetting, remaining essentially unchanged. It was popularised in the 1960s with the release of Letraset sheets containing Lorem Ipsum passages, and more recently with desktop publishing software like Aldus PageMaker including versions of Lorem Ipsum.</p>\r\n</div>\r\n<div>\r\n<h2>Why do we use it?</h2>\r\n<p>It is a long established fact that a reader will be distracted by the readable content of a page when looking at its layout. The point of using Lorem Ipsum is that it has a more-or-less normal distribution of letters, as opposed to using \'Content here, content here\', making it look like readable English. Many desktop publishing packages and web page editors now use Lorem Ipsum as their default model text, and a search for \'lorem ipsum\' will uncover many web sites still in their infancy. Various versions have evolved over the years, sometimes by accident, sometimes on purpose (injected humour and the like).</p>\r\n</div>\r\n<br />\r\n<div>\r\n<h2>Where does it come from?</h2>\r\n<p>Contrary to popular belief, Lorem Ipsum is not simply random text. It has roots in a piece of classical Latin literature from 45 BC, making it over 2000 years old. Richard McClintock, a Latin professor at Hampden-Sydney College in Virginia, looked up one of the more obscure Latin words, consectetur, from a Lorem Ipsum passage, and going through the cites of the word in classical literature, discovered the undoubtable source. Lorem Ipsum comes from sections 1.10.32 and 1.10.33 of \"de Finibus Bonorum et Malorum\" (The Extremes of Good and Evil) by Cicero, written in 45 BC. This book is a treatise on the theory of ethics, very popular during the Renaissance. The first line of Lorem Ipsum, \"Lorem ipsum dolor sit amet..\", comes from a line in section 1.10.32.</p>\r\n<p>The standard chunk of Lorem Ipsum used since the 1500s is reproduced below for those interested. Sections 1.10.32 and 1.10.33 from \"de Finibus Bonorum et Malorum\" by Cicero are also reproduced in their exact original form, accompanied by English versions from the 1914 translation by H. Rackham.</p>\r\n</div>\r\n<div>\r\n<h2>Where can I get some?</h2>\r\n<p>There are many variations of passages of Lorem Ipsum available, but the majority have suffered alteration in some form, by injected humour, or randomised words which don\'t look even slightly believable. If you are going to use a passage of Lorem Ipsum, you need to be sure there isn\'t anything embarrassing hidden in the middle of text. All the Lorem Ipsum generators on the Internet tend to repeat predefined chunks as necessary, making this the first true generator on the Internet. It uses a dictionary of over 200 Latin words, combined with a handful of model sentence structures, to generate Lorem Ipsum which looks reasonable. The generated Lorem Ipsum is therefore always free from repetition, injected humour, or non-characteristic words etc.</p>\r\n</div>\r\n</div>\r\n</div>,[idCategoria] => 8,[date] => 2019-03-17 15:08:00,[tags] => dry, pastle, painting,[image] => crispycreme1.jpg,[status] => DRAFT,', '[permalink] => what-is-lorem-ipsum?,[author] => Elena,[title] => What is Lorem Ipsum?,[content] => <div id=\"Content\">\r\n<div id=\"Panes\">\r\n<div>\r\n<h2>What is Lorem Ipsum?</h2>\r\n<p><strong>Lorem Ipsum</strong>&nbsp;is simply dummy text of the printing and typesetting industry. Lorem Ipsum has been the industry\'s standard dummy text ever since the 1500s, when an unknown printer took a galley of type and scrambled it to make a type specimen book. It has survived not only five centuries, but also the leap into electronic typesetting, remaining essentially unchanged. It was popularised in the 1960s with the release of Letraset sheets containing Lorem Ipsum passages, and more recently with desktop publishing software like Aldus PageMaker including versions of Lorem Ipsum.</p>\r\n</div>\r\n<div>\r\n<h2>Why do we use it?</h2>\r\n<p>It is a long established fact that a reader will be distracted by the readable content of a page when looking at its layout. The point of using Lorem Ipsum is that it has a more-or-less normal distribution of letters, as opposed to using \'Content here, content here\', making it look like readable English. Many desktop publishing packages and web page editors now use Lorem Ipsum as their default model text, and a search for \'lorem ipsum\' will uncover many web sites still in their infancy. Various versions have evolved over the years, sometimes by accident, sometimes on purpose (injected humour and the like).</p>\r\n</div>\r\n<br />\r\n<div>\r\n<h2>Where does it come from?</h2>\r\n<p>Contrary to popular belief, Lorem Ipsum is not simply random text. It has roots in a piece of classical Latin literature from 45 BC, making it over 2000 years old. Richard McClintock, a Latin professor at Hampden-Sydney College in Virginia, looked up one of the more obscure Latin words, consectetur, from a Lorem Ipsum passage, and going through the cites of the word in classical literature, discovered the undoubtable source. Lorem Ipsum comes from sections 1.10.32 and 1.10.33 of \"de Finibus Bonorum et Malorum\" (The Extremes of Good and Evil) by Cicero, written in 45 BC. This book is a treatise on the theory of ethics, very popular during the Renaissance. The first line of Lorem Ipsum, \"Lorem ipsum dolor sit amet..\", comes from a line in section 1.10.32.</p>\r\n<p>The standard chunk of Lorem Ipsum used since the 1500s is reproduced below for those interested. Sections 1.10.32 and 1.10.33 from \"de Finibus Bonorum et Malorum\" by Cicero are also reproduced in their exact original form, accompanied by English versions from the 1914 translation by H. Rackham.</p>\r\n</div>\r\n<div>\r\n<h2>Where can I get some?</h2>\r\n<p>There are many variations of passages of Lorem Ipsum available, but the majority have suffered alteration in some form, by injected humour, or randomised words which don\'t look even slightly believable. If you are going to use a passage of Lorem Ipsum, you need to be sure there isn\'t anything embarrassing hidden in the middle of text. All the Lorem Ipsum generators on the Internet tend to repeat predefined chunks as necessary, making this the first true generator on the Internet. It uses a dictionary of over 200 Latin words, combined with a handful of model sentence structures, to generate Lorem Ipsum which looks reasonable. The generated Lorem Ipsum is therefore always free from repetition, injected humour, or non-characteristic words etc.</p>\r\n</div>\r\n</div>\r\n</div>,[date] => 2019-03-17 15:08:16,[tags] => dry, pastle,[idCategoria] => 8,', '2019-03-17 03:03:16', 'http://localhost/colores/', '::1', 'Mozilla/5.0 (Windows NT 10.0; Win64; x64) AppleWebKit/537.36 (KHTML, like Gecko) Chrome/72.0.3626.121 Safari/537.36', NULL);
INSERT INTO `sishistorico_archivo` (`id`, `idUsuario`, `idCambiado`, `Tabla`, `Nombre`, `DatosAnterior`, `DatosNuevos`, `Fecha`, `Server`, `IPClient`, `Browser`, `tipoUsuario`) VALUES
(16, 1, 4, 'entries', 'Elena', '[id] => 4,[permalink] => what-is-lorem-ipsum?,[author] => Elena,[title] => What is Lorem Ipsum?,[content] => <div id=\"Content\">\r\n<div id=\"Panes\">\r\n<div>\r\n<h2>What is Lorem Ipsum?</h2>\r\n<p><strong>Lorem Ipsum</strong>&nbsp;is simply dummy text of the printing and typesetting industry. Lorem Ipsum has been the industry\'s standard dummy text ever since the 1500s, when an unknown printer took a galley of type and scrambled it to make a type specimen book. It has survived not only five centuries, but also the leap into electronic typesetting, remaining essentially unchanged. It was popularised in the 1960s with the release of Letraset sheets containing Lorem Ipsum passages, and more recently with desktop publishing software like Aldus PageMaker including versions of Lorem Ipsum.</p>\r\n</div>\r\n<div>\r\n<h2>Why do we use it?</h2>\r\n<p>It is a long established fact that a reader will be distracted by the readable content of a page when looking at its layout. The point of using Lorem Ipsum is that it has a more-or-less normal distribution of letters, as opposed to using \'Content here, content here\', making it look like readable English. Many desktop publishing packages and web page editors now use Lorem Ipsum as their default model text, and a search for \'lorem ipsum\' will uncover many web sites still in their infancy. Various versions have evolved over the years, sometimes by accident, sometimes on purpose (injected humour and the like).</p>\r\n</div>\r\n<br />\r\n<div>\r\n<h2>Where does it come from?</h2>\r\n<p>Contrary to popular belief, Lorem Ipsum is not simply random text. It has roots in a piece of classical Latin literature from 45 BC, making it over 2000 years old. Richard McClintock, a Latin professor at Hampden-Sydney College in Virginia, looked up one of the more obscure Latin words, consectetur, from a Lorem Ipsum passage, and going through the cites of the word in classical literature, discovered the undoubtable source. Lorem Ipsum comes from sections 1.10.32 and 1.10.33 of \"de Finibus Bonorum et Malorum\" (The Extremes of Good and Evil) by Cicero, written in 45 BC. This book is a treatise on the theory of ethics, very popular during the Renaissance. The first line of Lorem Ipsum, \"Lorem ipsum dolor sit amet..\", comes from a line in section 1.10.32.</p>\r\n<p>The standard chunk of Lorem Ipsum used since the 1500s is reproduced below for those interested. Sections 1.10.32 and 1.10.33 from \"de Finibus Bonorum et Malorum\" by Cicero are also reproduced in their exact original form, accompanied by English versions from the 1914 translation by H. Rackham.</p>\r\n</div>\r\n<div>\r\n<h2>Where can I get some?</h2>\r\n<p>There are many variations of passages of Lorem Ipsum available, but the majority have suffered alteration in some form, by injected humour, or randomised words which don\'t look even slightly believable. If you are going to use a passage of Lorem Ipsum, you need to be sure there isn\'t anything embarrassing hidden in the middle of text. All the Lorem Ipsum generators on the Internet tend to repeat predefined chunks as necessary, making this the first true generator on the Internet. It uses a dictionary of over 200 Latin words, combined with a handful of model sentence structures, to generate Lorem Ipsum which looks reasonable. The generated Lorem Ipsum is therefore always free from repetition, injected humour, or non-characteristic words etc.</p>\r\n</div>\r\n</div>\r\n</div>,[idCategoria] => 8,[date] => 2019-03-17 15:08:16,[tags] => dry, pastle,[image] => crispycreme1.jpg,[status] => DRAFT,', '[permalink] => what-is-lorem-ipsum?,[author] => Elena,[title] => What is Lorem Ipsum?,[content] => <div id=\"Content\">\r\n<div id=\"Panes\">\r\n<div>\r\n<h2>What is Lorem Ipsum?</h2>\r\n<p><strong>Lorem Ipsum</strong>&nbsp;is simply dummy text of the printing and typesetting industry. Lorem Ipsum has been the industry\'s standard dummy text ever since the 1500s, when an unknown printer took a galley of type and scrambled it to make a type specimen book. It has survived not only five centuries, but also the leap into electronic typesetting, remaining essentially unchanged. It was popularised in the 1960s with the release of Letraset sheets containing Lorem Ipsum passages, and more recently with desktop publishing software like Aldus PageMaker including versions of Lorem Ipsum.</p>\r\n</div>\r\n<div>\r\n<h2>Why do we use it?</h2>\r\n<p>It is a long established fact that a reader will be distracted by the readable content of a page when looking at its layout. The point of using Lorem Ipsum is that it has a more-or-less normal distribution of letters, as opposed to using \'Content here, content here\', making it look like readable English. Many desktop publishing packages and web page editors now use Lorem Ipsum as their default model text, and a search for \'lorem ipsum\' will uncover many web sites still in their infancy. Various versions have evolved over the years, sometimes by accident, sometimes on purpose (injected humour and the like).</p>\r\n</div>\r\n<br />\r\n<div>\r\n<h2>Where does it come from?</h2>\r\n<p>Contrary to popular belief, Lorem Ipsum is not simply random text. It has roots in a piece of classical Latin literature from 45 BC, making it over 2000 years old. Richard McClintock, a Latin professor at Hampden-Sydney College in Virginia, looked up one of the more obscure Latin words, consectetur, from a Lorem Ipsum passage, and going through the cites of the word in classical literature, discovered the undoubtable source. Lorem Ipsum comes from sections 1.10.32 and 1.10.33 of \"de Finibus Bonorum et Malorum\" (The Extremes of Good and Evil) by Cicero, written in 45 BC. This book is a treatise on the theory of ethics, very popular during the Renaissance. The first line of Lorem Ipsum, \"Lorem ipsum dolor sit amet..\", comes from a line in section 1.10.32.</p>\r\n<p>The standard chunk of Lorem Ipsum used since the 1500s is reproduced below for those interested. Sections 1.10.32 and 1.10.33 from \"de Finibus Bonorum et Malorum\" by Cicero are also reproduced in their exact original form, accompanied by English versions from the 1914 translation by H. Rackham.</p>\r\n</div>\r\n<div>\r\n<h2>Where can I get some?</h2>\r\n<p>There are many variations of passages of Lorem Ipsum available, but the majority have suffered alteration in some form, by injected humour, or randomised words which don\'t look even slightly believable. If you are going to use a passage of Lorem Ipsum, you need to be sure there isn\'t anything embarrassing hidden in the middle of text. All the Lorem Ipsum generators on the Internet tend to repeat predefined chunks as necessary, making this the first true generator on the Internet. It uses a dictionary of over 200 Latin words, combined with a handful of model sentence structures, to generate Lorem Ipsum which looks reasonable. The generated Lorem Ipsum is therefore always free from repetition, injected humour, or non-characteristic words etc.</p>\r\n</div>\r\n</div>\r\n</div>,[date] => 2019-03-17 15:08:35,[tags] => dry, pastle,[idCategoria] => 8,', '2019-03-17 03:03:35', 'http://localhost/colores/', '::1', 'Mozilla/5.0 (Windows NT 10.0; Win64; x64) AppleWebKit/537.36 (KHTML, like Gecko) Chrome/72.0.3626.121 Safari/537.36', NULL),
(29, 1, 1, 'entries', 'Elena', '[id] => 1,[permalink] => map-simple,[author] => anon,[title] => Map Simple,[content] => Ejemplo,[idCategoria] => 0,[date] => 2019-03-10 20:50:02,[tags] => dry, pastle,[image] => frederick2.jpg,[status] => DRAFT,[deleted_at] => ,', '[deleted_at] => 2019-03-17 15:32:45,', '2019-03-17 03:03:45', 'http://localhost/colores/', '::1', 'Mozilla/5.0 (Windows NT 10.0; Win64; x64) AppleWebKit/537.36 (KHTML, like Gecko) Chrome/72.0.3626.121 Safari/537.36', NULL),
(30, 1, 3, 'entries', 'Elena', '[id] => 3,[permalink] => map-simple,[author] => anon,[title] => Map Simple,[content] => Modern artists have extended the practice of painting considerably to include, as one example, collage, which began with Cubism and is not painting in the strict sense. Some modern painters incorporate different materials such as sand, cement, straw or wood for their texture. Examples of this are the works of Jean Dubuffet and Anselm Kiefer. There is a growing community of artists who use computers to \"paint\" color onto a digital \"canvas\" using programs such as Adobe Photoshop, Corel Painter, and many others. These images can be printed onto traditional canvas if required.,[idCategoria] => 0,[date] => 2019-03-10 22:17:15,[tags] => dry, pastle,[image] => frederick2.jpg,[status] => DRAFT,[deleted_at] => ,', '[deleted_at] => 2019-03-17 15:34:12,', '2019-03-17 03:03:12', 'http://localhost/colores/', '::1', 'Mozilla/5.0 (Windows NT 10.0; Win64; x64) AppleWebKit/537.36 (KHTML, like Gecko) Chrome/72.0.3626.121 Safari/537.36', NULL),
(31, 1, 4, 'entries', 'Elena', '[id] => 4,[permalink] => what-is-lorem-ipsum?,[author] => Elena,[title] => What is Lorem Ipsum?,[content] => <div id=\"Content\">\r\n<div id=\"Panes\">\r\n<div>\r\n<h2>What is Lorem Ipsum?</h2>\r\n<p><strong>Lorem Ipsum</strong>&nbsp;is simply dummy text of the printing and typesetting industry. Lorem Ipsum has been the industry\'s standard dummy text ever since the 1500s, when an unknown printer took a galley of type and scrambled it to make a type specimen book. It has survived not only five centuries, but also the leap into electronic typesetting, remaining essentially unchanged. It was popularised in the 1960s with the release of Letraset sheets containing Lorem Ipsum passages, and more recently with desktop publishing software like Aldus PageMaker including versions of Lorem Ipsum.</p>\r\n</div>\r\n<div>\r\n<h2>Why do we use it?</h2>\r\n<p>It is a long established fact that a reader will be distracted by the readable content of a page when looking at its layout. The point of using Lorem Ipsum is that it has a more-or-less normal distribution of letters, as opposed to using \'Content here, content here\', making it look like readable English. Many desktop publishing packages and web page editors now use Lorem Ipsum as their default model text, and a search for \'lorem ipsum\' will uncover many web sites still in their infancy. Various versions have evolved over the years, sometimes by accident, sometimes on purpose (injected humour and the like).</p>\r\n</div>\r\n<br />\r\n<div>\r\n<h2>Where does it come from?</h2>\r\n<p>Contrary to popular belief, Lorem Ipsum is not simply random text. It has roots in a piece of classical Latin literature from 45 BC, making it over 2000 years old. Richard McClintock, a Latin professor at Hampden-Sydney College in Virginia, looked up one of the more obscure Latin words, consectetur, from a Lorem Ipsum passage, and going through the cites of the word in classical literature, discovered the undoubtable source. Lorem Ipsum comes from sections 1.10.32 and 1.10.33 of \"de Finibus Bonorum et Malorum\" (The Extremes of Good and Evil) by Cicero, written in 45 BC. This book is a treatise on the theory of ethics, very popular during the Renaissance. The first line of Lorem Ipsum, \"Lorem ipsum dolor sit amet..\", comes from a line in section 1.10.32.</p>\r\n<p>The standard chunk of Lorem Ipsum used since the 1500s is reproduced below for those interested. Sections 1.10.32 and 1.10.33 from \"de Finibus Bonorum et Malorum\" by Cicero are also reproduced in their exact original form, accompanied by English versions from the 1914 translation by H. Rackham.</p>\r\n</div>\r\n<div>\r\n<h2>Where can I get some?</h2>\r\n<p>There are many variations of passages of Lorem Ipsum available, but the majority have suffered alteration in some form, by injected humour, or randomised words which don\'t look even slightly believable. If you are going to use a passage of Lorem Ipsum, you need to be sure there isn\'t anything embarrassing hidden in the middle of text. All the Lorem Ipsum generators on the Internet tend to repeat predefined chunks as necessary, making this the first true generator on the Internet. It uses a dictionary of over 200 Latin words, combined with a handful of model sentence structures, to generate Lorem Ipsum which looks reasonable. The generated Lorem Ipsum is therefore always free from repetition, injected humour, or non-characteristic words etc.</p>\r\n</div>\r\n</div>\r\n</div>,[idCategoria] => 8,[date] => 2019-03-17 15:08:35,[tags] => dry, pastle,[image] => crispycreme1.jpg,[status] => DRAFT,[deleted_at] => ,', '[permalink] => what-is-lorem-ipsum?,[author] => Elena,[title] => What is Lorem Ipsum?,[content] => <div id=\"Content\">\r\n<div id=\"Panes\">\r\n<div>\r\n<h2>What is Lorem Ipsum?</h2>\r\n<p><strong>Lorem Ipsum</strong>&nbsp;is simply dummy text of the printing and typesetting industry. Lorem Ipsum has been the industry\'s standard dummy text ever since the 1500s, when an unknown printer took a galley of type and scrambled it to make a type specimen book. It has survived not only five centuries, but also the leap into electronic typesetting, remaining essentially unchanged. It was popularised in the 1960s with the release of Letraset sheets containing Lorem Ipsum passages, and more recently with desktop publishing software like Aldus PageMaker including versions of Lorem Ipsum.</p>\r\n</div>\r\n<div>\r\n<h2>Why do we use it?</h2>\r\n<p>It is a long established fact that a reader will be distracted by the readable content of a page when looking at its layout. The point of using Lorem Ipsum is that it has a more-or-less normal distribution of letters, as opposed to using \'Content here, content here\', making it look like readable English. Many desktop publishing packages and web page editors now use Lorem Ipsum as their default model text, and a search for \'lorem ipsum\' will uncover many web sites still in their infancy. Various versions have evolved over the years, sometimes by accident, sometimes on purpose (injected humour and the like).</p>\r\n</div>\r\n<br />\r\n<div>\r\n<h2>Where does it come from?</h2>\r\n<p>Contrary to popular belief, Lorem Ipsum is not simply random text. It has roots in a piece of classical Latin literature from 45 BC, making it over 2000 years old. Richard McClintock, a Latin professor at Hampden-Sydney College in Virginia, looked up one of the more obscure Latin words, consectetur, from a Lorem Ipsum passage, and going through the cites of the word in classical literature, discovered the undoubtable source. Lorem Ipsum comes from sections 1.10.32 and 1.10.33 of \"de Finibus Bonorum et Malorum\" (The Extremes of Good and Evil) by Cicero, written in 45 BC. This book is a treatise on the theory of ethics, very popular during the Renaissance. The first line of Lorem Ipsum, \"Lorem ipsum dolor sit amet..\", comes from a line in section 1.10.32.</p>\r\n<p>The standard chunk of Lorem Ipsum used since the 1500s is reproduced below for those interested. Sections 1.10.32 and 1.10.33 from \"de Finibus Bonorum et Malorum\" by Cicero are also reproduced in their exact original form, accompanied by English versions from the 1914 translation by H. Rackham.</p>\r\n</div>\r\n<div>\r\n<h2>Where can I get some?</h2>\r\n<p>There are many variations of passages of Lorem Ipsum available, but the majority have suffered alteration in some form, by injected humour, or randomised words which don\'t look even slightly believable. If you are going to use a passage of Lorem Ipsum, you need to be sure there isn\'t anything embarrassing hidden in the middle of text. All the Lorem Ipsum generators on the Internet tend to repeat predefined chunks as necessary, making this the first true generator on the Internet. It uses a dictionary of over 200 Latin words, combined with a handful of model sentence structures, to generate Lorem Ipsum which looks reasonable. The generated Lorem Ipsum is therefore always free from repetition, injected humour, or non-characteristic words etc.</p>\r\n</div>\r\n</div>\r\n</div>,[date] => 2019-03-17 15:39:38,[tags] => dry, pastle,[idCategoria] => 8,[status] => PUBLISHED,', '2019-03-17 03:03:38', 'http://localhost/colores/', '::1', 'Mozilla/5.0 (Windows NT 10.0; Win64; x64) AppleWebKit/537.36 (KHTML, like Gecko) Chrome/72.0.3626.121 Safari/537.36', NULL),
(32, 1, 2, 'entries', 'Elena', '[id] => 2,[permalink] => painting,[author] => anon,[title] => Painting,[content] => Painting is the practice of applying paint, pigment, color or other medium[1] to a solid surface (support base). The medium is commonly applied to the base with a brush, but other implements, such as knives, sponges, and airbrushes, can be used. The final work is also called a painting.\r\n\r\nPainting is an important form in the visual arts, bringing in elements such as drawing, gesture (as in gestural painting), composition, narration (as in narrative art), or abstraction (as in abstract art).[2] Paintings can be naturalistic and representational (as in a still life or landscape painting), photographic, abstract, narrative, symbolistic (as in Symbolist art), emotive (as in Expressionism), or political in nature (as in Artivism).\r\n\r\nA portion of the history of painting in both Eastern and Western art is dominated by religious art. Examples of this kind of painting range from artwork depicting mythological figures on pottery, to Biblical scenes Sistine Chapel ceiling, to scenes from the life of Buddha or other images of Eastern religious origin.\r\n\r\nIn art, the term painting describes both the act and the result of the action. The support for paintings includes such surfaces as walls, paper, canvas, wood, glass, lacquer, pottery, leaf, copper and concrete, and the painting may incorporate multiple other materials including sand, clay, paper, plaster, gold leaf, as well as objects.,[idCategoria] => 0,[date] => 2019-03-10 22:13:54,[tags] => dry, pastle, painting,[image] => frederick2.jpg,[status] => PUBLISHED,[deleted_at] => ,', '[deleted_at] => 2019-03-18 18:12:06,', '2019-03-18 06:03:06', 'http://localhost/colores/', '::1', 'Mozilla/5.0 (Windows NT 10.0; Win64; x64) AppleWebKit/537.36 (KHTML, like Gecko) Chrome/72.0.3626.121 Safari/537.36', NULL),
(33, 2, 4, 'entries', 'Hugo Ruiz', '[id] => 4,[permalink] => what-is-lorem-ipsum?,[author] => Elena,[title] => What is Lorem Ipsum?,[content] => <div id=\"Content\">\r\n<div id=\"Panes\">\r\n<div>\r\n<h2>What is Lorem Ipsum?</h2>\r\n<p><strong>Lorem Ipsum</strong>&nbsp;is simply dummy text of the printing and typesetting industry. Lorem Ipsum has been the industry\'s standard dummy text ever since the 1500s, when an unknown printer took a galley of type and scrambled it to make a type specimen book. It has survived not only five centuries, but also the leap into electronic typesetting, remaining essentially unchanged. It was popularised in the 1960s with the release of Letraset sheets containing Lorem Ipsum passages, and more recently with desktop publishing software like Aldus PageMaker including versions of Lorem Ipsum.</p>\r\n</div>\r\n<div>\r\n<h2>Why do we use it?</h2>\r\n<p>It is a long established fact that a reader will be distracted by the readable content of a page when looking at its layout. The point of using Lorem Ipsum is that it has a more-or-less normal distribution of letters, as opposed to using \'Content here, content here\', making it look like readable English. Many desktop publishing packages and web page editors now use Lorem Ipsum as their default model text, and a search for \'lorem ipsum\' will uncover many web sites still in their infancy. Various versions have evolved over the years, sometimes by accident, sometimes on purpose (injected humour and the like).</p>\r\n</div>\r\n<br />\r\n<div>\r\n<h2>Where does it come from?</h2>\r\n<p>Contrary to popular belief, Lorem Ipsum is not simply random text. It has roots in a piece of classical Latin literature from 45 BC, making it over 2000 years old. Richard McClintock, a Latin professor at Hampden-Sydney College in Virginia, looked up one of the more obscure Latin words, consectetur, from a Lorem Ipsum passage, and going through the cites of the word in classical literature, discovered the undoubtable source. Lorem Ipsum comes from sections 1.10.32 and 1.10.33 of \"de Finibus Bonorum et Malorum\" (The Extremes of Good and Evil) by Cicero, written in 45 BC. This book is a treatise on the theory of ethics, very popular during the Renaissance. The first line of Lorem Ipsum, \"Lorem ipsum dolor sit amet..\", comes from a line in section 1.10.32.</p>\r\n<p>The standard chunk of Lorem Ipsum used since the 1500s is reproduced below for those interested. Sections 1.10.32 and 1.10.33 from \"de Finibus Bonorum et Malorum\" by Cicero are also reproduced in their exact original form, accompanied by English versions from the 1914 translation by H. Rackham.</p>\r\n</div>\r\n<div>\r\n<h2>Where can I get some?</h2>\r\n<p>There are many variations of passages of Lorem Ipsum available, but the majority have suffered alteration in some form, by injected humour, or randomised words which don\'t look even slightly believable. If you are going to use a passage of Lorem Ipsum, you need to be sure there isn\'t anything embarrassing hidden in the middle of text. All the Lorem Ipsum generators on the Internet tend to repeat predefined chunks as necessary, making this the first true generator on the Internet. It uses a dictionary of over 200 Latin words, combined with a handful of model sentence structures, to generate Lorem Ipsum which looks reasonable. The generated Lorem Ipsum is therefore always free from repetition, injected humour, or non-characteristic words etc.</p>\r\n</div>\r\n</div>\r\n</div>,[idCategoria] => 8,[date] => 2019-03-17 15:39:38,[tags] => dry, pastle,[image] => crispycreme1.jpg,[status] => PUBLISHED,[deleted_at] => ,', '[permalink] => what-is-lorem-ipsum,[author] => Hugo Ruiz,[title] => What is Lorem Ipsum,[content] => <div id=\"Content\">\r\n<div id=\"Panes\">\r\n<div>\r\n<h2>What is Lorem Ipsum?</h2>\r\n<p><strong>Lorem Ipsum</strong>&nbsp;is simply dummy text of the printing and typesetting industry. Lorem Ipsum has been the industry\'s standard dummy text ever since the 1500s, when an unknown printer took a galley of type and scrambled it to make a type specimen book. It has survived not only five centuries, but also the leap into electronic typesetting, remaining essentially unchanged. It was popularised in the 1960s with the release of Letraset sheets containing Lorem Ipsum passages, and more recently with desktop publishing software like Aldus PageMaker including versions of Lorem Ipsum.</p>\r\n</div>\r\n<div>\r\n<h2>Why do we use it?</h2>\r\n<p>It is a long established fact that a reader will be distracted by the readable content of a page when looking at its layout. The point of using Lorem Ipsum is that it has a more-or-less normal distribution of letters, as opposed to using \'Content here, content here\', making it look like readable English. Many desktop publishing packages and web page editors now use Lorem Ipsum as their default model text, and a search for \'lorem ipsum\' will uncover many web sites still in their infancy. Various versions have evolved over the years, sometimes by accident, sometimes on purpose (injected humour and the like).</p>\r\n</div>\r\n<br />\r\n<div>\r\n<h2>Where does it come from?</h2>\r\n<p>Contrary to popular belief, Lorem Ipsum is not simply random text. It has roots in a piece of classical Latin literature from 45 BC, making it over 2000 years old. Richard McClintock, a Latin professor at Hampden-Sydney College in Virginia, looked up one of the more obscure Latin words, consectetur, from a Lorem Ipsum passage, and going through the cites of the word in classical literature, discovered the undoubtable source. Lorem Ipsum comes from sections 1.10.32 and 1.10.33 of \"de Finibus Bonorum et Malorum\" (The Extremes of Good and Evil) by Cicero, written in 45 BC. This book is a treatise on the theory of ethics, very popular during the Renaissance. The first line of Lorem Ipsum, \"Lorem ipsum dolor sit amet..\", comes from a line in section 1.10.32.</p>\r\n<p>The standard chunk of Lorem Ipsum used since the 1500s is reproduced below for those interested. Sections 1.10.32 and 1.10.33 from \"de Finibus Bonorum et Malorum\" by Cicero are also reproduced in their exact original form, accompanied by English versions from the 1914 translation by H. Rackham.</p>\r\n</div>\r\n<div>\r\n<h2>Where can I get some?</h2>\r\n<p>There are many variations of passages of Lorem Ipsum available, but the majority have suffered alteration in some form, by injected humour, or randomised words which don\'t look even slightly believable. If you are going to use a passage of Lorem Ipsum, you need to be sure there isn\'t anything embarrassing hidden in the middle of text. All the Lorem Ipsum generators on the Internet tend to repeat predefined chunks as necessary, making this the first true generator on the Internet. It uses a dictionary of over 200 Latin words, combined with a handful of model sentence structures, to generate Lorem Ipsum which looks reasonable. The generated Lorem Ipsum is therefore always free from repetition, injected humour, or non-characteristic words etc.</p>\r\n</div>\r\n</div>\r\n</div>,[date] => 2019-03-19 03:58:50,[tags] => dry, pastle,[idCategoria] => 8,[status] => PUBLISHED,', '2019-03-19 03:03:50', 'http://localhost/colores/', '::1', 'Mozilla/5.0 (Windows NT 10.0; Win64; x64) AppleWebKit/537.36 (KHTML, like Gecko) Chrome/72.0.3626.121 Safari/537.36', NULL),
(34, 2, 5, 'entries', 'Hugo Ruiz', NULL, '{\"Tabla\":\"entries\",\"Data\":{\"permalink\":\"welcome-to-the-tinymce-editor-demo!\",\"author\":\"Hugo Ruiz\",\"title\":\"Welcome to the TinyMCE editor demo!\",\"content\":\"\\u003Cp style=\\u0022text-align: center; font-size: 15px;\\u0022\\u003E\\u003Cimg title=\\u0022TinyMCE Logo\\u0022 src=\\u0022\\/\\/www.tiny.cloud\\/images\\/glyph-tinymce@2x.png\\u0022 alt=\\u0022TinyMCE Logo\\u0022 width=\\u0022110\\u0022 height=\\u002297\\u0022 \\/\\u003E\\u003C\\/p\\u003E\\r\\n\\u003Ch2 style=\\u0022text-align: center;\\u0022\\u003EWelcome to the TinyMCE editor demo!\\u003C\\/h2\\u003E\\r\\n\\u003Ch2\\u003E\\u003Cimg style=\\u0022float: right; padding: 0 0 10px 10px;\\u0022 title=\\u0022Tiny Husky\\u0022 src=\\u0022\\/\\/www.tiny.cloud\\/docs\\/images\\/tiny-husky.jpg\\u0022 alt=\\u0022Tiny Husky\\u0022 width=\\u0022304\\u0022 height=\\u0022320\\u0022 \\/\\u003E\\u003C\\/h2\\u003E\\r\\n\\u003Ch2\\u003EImage Tools Plugin feature\\u003Cbr \\/\\u003EClick on the image to get started\\u003C\\/h2\\u003E\\r\\n\\u003Cp\\u003EPlease try out the features provided in this image tools example.\\u003C\\/p\\u003E\\r\\n\\u003Cp\\u003ENote that any \\u003Cstrong\\u003EMoxieManager\\u003C\\/strong\\u003E file and image management functionality in this example is part of our commercial offering \\u0026ndash; the demo is to show the integration.\\u003C\\/p\\u003E\\r\\n\\u003Ch2\\u003EGot questions or need help?\\u003C\\/h2\\u003E\\r\\n\\u003Cul\\u003E\\r\\n\\u003Cli\\u003EOur \\u003Ca href=\\u0022https:\\/\\/www.tiny.cloud\\/docs\\/\\u0022\\u003Edocumentation\\u003C\\/a\\u003E is a great resource for learning how to configure TinyMCE.\\u003C\\/li\\u003E\\r\\n\\u003Cli\\u003EHave a specific question? Visit the \\u003Ca href=\\u0022https:\\/\\/community.tinymce.com\\/forum\\/\\u0022\\u003ECommunity Forum\\u003C\\/a\\u003E.\\u003C\\/li\\u003E\\r\\n\\u003Cli\\u003EWe also offer enterprise grade support as part of \\u003Ca href=\\u0022https:\\/\\/www.tiny.cloud\\/pricing\\u0022\\u003ETinyMCE Enterprise\\u003C\\/a\\u003E.\\u003C\\/li\\u003E\\r\\n\\u003C\\/ul\\u003E\\r\\n\\u003Ch2\\u003EA simple table to play with\\u003C\\/h2\\u003E\\r\\n\\u003Ctable\\u003E\\r\\n\\u003Cthead\\u003E\\r\\n\\u003Ctr\\u003E\\r\\n\\u003Cth\\u003EProduct\\u003C\\/th\\u003E\\r\\n\\u003Cth\\u003ECost\\u003C\\/th\\u003E\\r\\n\\u003Cth\\u003EReally?\\u003C\\/th\\u003E\\r\\n\\u003C\\/tr\\u003E\\r\\n\\u003C\\/thead\\u003E\\r\\n\\u003Ctbody\\u003E\\r\\n\\u003Ctr\\u003E\\r\\n\\u003Ctd\\u003ETinyMCE\\u003C\\/td\\u003E\\r\\n\\u003Ctd\\u003EFree\\u003C\\/td\\u003E\\r\\n\\u003Ctd\\u003EYES!\\u003C\\/td\\u003E\\r\\n\\u003C\\/tr\\u003E\\r\\n\\u003Ctr\\u003E\\r\\n\\u003Ctd\\u003EPlupload\\u003C\\/td\\u003E\\r\\n\\u003Ctd\\u003EFree\\u003C\\/td\\u003E\\r\\n\\u003Ctd\\u003EYES!\\u003C\\/td\\u003E\\r\\n\\u003C\\/tr\\u003E\\r\\n\\u003C\\/tbody\\u003E\\r\\n\\u003C\\/table\\u003E\\r\\n\\u003Ch2\\u003EFound a bug?\\u003C\\/h2\\u003E\\r\\n\\u003Cp\\u003EIf you think you have found a bug please create an issue on the \\u003Ca href=\\u0022https:\\/\\/github.com\\/tinymce\\/tinymce\\/issues\\u0022\\u003EGitHub repo\\u003C\\/a\\u003E to report it to the developers.\\u003C\\/p\\u003E\\r\\n\\u003Ch2\\u003EFinally ...\\u003C\\/h2\\u003E\\r\\n\\u003Cp\\u003EDon\\u0027t forget to check out our other product \\u003Ca href=\\u0022http:\\/\\/www.plupload.com\\u0022 target=\\u0022_blank\\u0022 rel=\\u0022noopener\\u0022\\u003EPlupload\\u003C\\/a\\u003E, your ultimate upload solution featuring HTML5 upload support.\\u003C\\/p\\u003E\\r\\n\\u003Cp\\u003EThanks for supporting TinyMCE! We hope it helps you and your users create great content.\\u003Cbr \\/\\u003EAll the best from the TinyMCE team.\\u003C\\/p\\u003E\",\"date\":\"2019-03-19 05:20:32\",\"tags\":\"dry, pastle, painting\",\"idCategoria\":\"7\",\"status\":\"DRAFT\"},\"id\":5}', '2019-03-19 05:20:32', 'http://localhost/colores/', '::1', 'Mozilla/5.0 (Windows NT 10.0; Win64; x64) AppleWebKit/537.36 (KHTML, like Gecko) Chrome/72.0.3626.121 Safari/537.36', NULL);

-- --------------------------------------------------------

--
-- Estructura de tabla para la tabla `sissesiones`
--

CREATE TABLE `sissesiones` (
  `session_id` varchar(40) CHARACTER SET utf8 COLLATE utf8_unicode_ci NOT NULL DEFAULT '0',
  `ip_address` varchar(45) CHARACTER SET utf8 COLLATE utf8_unicode_ci NOT NULL DEFAULT '0',
  `user_agent` varchar(120) CHARACTER SET utf8 COLLATE utf8_unicode_ci NOT NULL,
  `last_activity` int(10) UNSIGNED NOT NULL DEFAULT '0',
  `user_data` text CHARACTER SET utf8 COLLATE utf8_unicode_ci NOT NULL
) ENGINE=InnoDB DEFAULT CHARSET=utf8mb4 COLLATE=utf8mb4_unicode_ci;

--
-- Índices para tablas volcadas
--

--
-- Indices de la tabla `catcategorias`
--
ALTER TABLE `catcategorias`
  ADD PRIMARY KEY (`id`);

--
-- Indices de la tabla `catproductos`
--
ALTER TABLE `catproductos`
  ADD PRIMARY KEY (`id`);

--
-- Indices de la tabla `catusuarios`
--
ALTER TABLE `catusuarios`
  ADD PRIMARY KEY (`id`);

--
-- Indices de la tabla `entries`
--
ALTER TABLE `entries`
  ADD PRIMARY KEY (`id`);

--
-- Indices de la tabla `log_users`
--
ALTER TABLE `log_users`
  ADD PRIMARY KEY (`id`);

--
-- Indices de la tabla `projects`
--
ALTER TABLE `projects`
  ADD PRIMARY KEY (`id`);

--
-- Indices de la tabla `sishistorico_archivo`
--
ALTER TABLE `sishistorico_archivo`
  ADD PRIMARY KEY (`id`);

--
-- AUTO_INCREMENT de las tablas volcadas
--

--
-- AUTO_INCREMENT de la tabla `catcategorias`
--
ALTER TABLE `catcategorias`
  MODIFY `id` int(11) NOT NULL AUTO_INCREMENT, AUTO_INCREMENT=13;

--
-- AUTO_INCREMENT de la tabla `catproductos`
--
ALTER TABLE `catproductos`
  MODIFY `id` int(11) NOT NULL AUTO_INCREMENT;

--
-- AUTO_INCREMENT de la tabla `catusuarios`
--
ALTER TABLE `catusuarios`
  MODIFY `id` int(11) NOT NULL AUTO_INCREMENT, AUTO_INCREMENT=3;

--
-- AUTO_INCREMENT de la tabla `entries`
--
ALTER TABLE `entries`
  MODIFY `id` int(11) NOT NULL AUTO_INCREMENT, AUTO_INCREMENT=6;

--
-- AUTO_INCREMENT de la tabla `log_users`
--
ALTER TABLE `log_users`
  MODIFY `id` bigint(20) NOT NULL AUTO_INCREMENT, AUTO_INCREMENT=7;

--
-- AUTO_INCREMENT de la tabla `projects`
--
ALTER TABLE `projects`
  MODIFY `id` int(11) NOT NULL AUTO_INCREMENT;

--
-- AUTO_INCREMENT de la tabla `sishistorico_archivo`
--
ALTER TABLE `sishistorico_archivo`
  MODIFY `id` bigint(20) NOT NULL AUTO_INCREMENT, AUTO_INCREMENT=35;
COMMIT;

/*!40101 SET CHARACTER_SET_CLIENT=@OLD_CHARACTER_SET_CLIENT */;
/*!40101 SET CHARACTER_SET_RESULTS=@OLD_CHARACTER_SET_RESULTS */;
/*!40101 SET COLLATION_CONNECTION=@OLD_COLLATION_CONNECTION */;
